year,dest_province,inflow,outflow,net_migration,dest_population,partners,inflow_per_1000,outflow_per_1000,net_per_1000,outflow_yoy_pct,inflow_yoy_pct,net_yoy_change,outflow_per_1000_yoy_pct,net_per_1000_change
2008,ADANA,45493,58316,-12823,2026319,80,22.45105533728895,28.7792790769864,-6.328223739697452,,,,,
2009,ADANA,53685,54109,-424,2062226,80,26.032549293821337,26.23815236545364,-0.20560307163230412,-7.214143631250424,18.007165937616776,12399.0,-8.829709405628549,6.122620668065148
2010,ADANA,53096,57402,-4306,2085225,80,25.46295963265355,27.52796460813581,-2.065004975482262,6.085863719529105,-1.0971407283226209,-3882.0,4.915789133004633,-1.859401903849958
2011,ADANA,50523,62402,-11879,2108805,80,23.95811846045509,29.591166561156676,-5.633048100701583,8.71049789205951,-4.845939430465574,-7573.0,7.494930999769922,-3.5680431252193205
2012,ADANA,45927,59294,-13367,2125635,80,21.60624942664192,27.894723223883684,-6.288473797241766,-4.9806095958462855,-9.096846980583095,-1488.0,-5.732938354312312,-0.655425696540183
2013,ADANA,50598,62933,-12335,2149260,80,23.542056335669024,29.28124098526935,-5.739184649600327,6.137214557965387,10.170487948265716,1032.0,4.970537797623731,0.5492891476414385
2014,ADANA,51562,63181,-11619,2165595,80,23.809622759564924,29.174891888834246,-5.365269129269324,0.39406988384471653,1.9052136448080903,716.0,-0.3631987335803277,0.3739155203310034
2015,ADANA,52647,64192,-11545,2183167,80,24.114966926487988,29.40315605723245,-5.288189130744464,1.60016460644814,2.10426282921532,74.0,0.7823993633565562,0.07707999852485958
2016,ADANA,51466,60759,-9293,2201670,80,23.375891936575417,27.596778808813312,-4.220886872237892,-5.348018444666003,-2.243242729880146,2252.0,-6.143480804928137,1.0673022585065723
2017,ADANA,49509,62834,-13325,2216475,80,22.33681859709674,28.348616609706855,-6.011798012610113,3.4151319146134673,-3.8025103952123773,-4032.0,2.7243679637473983,-1.7909111403722209
2018,ADANA,51660,70638,-18978,2220125,80,23.268960081076514,31.817127413996964,-8.548167332920444,12.42002737371486,4.344664606435189,-5653.0,12.235203050798793,-2.5363693203103317
2019,ADANA,52290,60900,-8610,2237940,80,23.365237673932278,27.212525804981368,-3.84728813104909,-13.785781024377819,1.2195121951219523,10368.0,-14.47208463888523,4.700879201871354
2020,ADANA,47088,45832,1256,2258718,80,20.847223956244207,20.291156310792225,0.5560676454519776,-24.742200328407225,-9.948364888123928,9866.0,-25.434498597414855,4.403355776501067
2021,ADANA,53649,65628,-11979,2263373,80,23.703119194229146,28.995662668062227,-5.29254347383308,43.192529237214174,13.933486238532101,-13235.0,42.89803017603462,-5.848611119285057
2022,ADANA,55018,62156,-7138,2274106,80,24.193243410817264,27.33205927955865,-3.1388158687413865,-5.290424818674955,2.5517717012432772,4841.0,-5.737421515584062,2.153727605091693
2023,ADANA,66104,77898,-11794,2270298,80,29.116882453316702,34.31179519164444,-5.194912738327744,25.326597593152723,20.14976916645461,-4656.0,25.536809505260607,-2.0560968695863577
2024,ADANA,55342,56108,-766,2280484,80,24.26765546261232,24.603549071162085,-0.335893608549764,-27.972476828673397,-16.280406631973854,11028.0,-28.29419465305766,4.85901912977798
2008,ADIYAMAN,12155,20971,-8816,585067,80,20.775398373177772,35.8437580653156,-15.068359692137822,,,,,
2009,ADIYAMAN,12091,18295,-6204,588475,80,20.546327371596075,31.088831301244742,-10.54250392964867,-12.760478756377857,-0.5265322912381687,2612.0,-13.265703767462888,4.525855762489153
2010,ADIYAMAN,14150,20135,-5985,590935,80,23.945103945442394,34.07312140929206,-10.12801746384966,10.057392730254167,17.029195269208497,219.0,9.599235426800456,0.4144864657990084
2011,ADIYAMAN,13873,23939,-10066,593931,80,23.357932150367635,40.306028814794985,-16.94809666442735,18.892475788428122,-1.957597173144876,-4081.0,18.292739695410344,-6.820079200577689
2012,ADIYAMAN,14323,22591,-8268,595261,80,24.06171410524123,37.95141962937266,-13.889705524131431,-5.630978737624792,3.243710805161104,1798.0,-5.841828765224399,3.058391140295919
2013,ADIYAMAN,15715,24077,-8362,597184,80,26.315172543135784,40.31755706783839,-14.002384524702604,6.5778407330352895,9.718634364309153,-94.0,6.234648035760038,-0.1126790005711733
2014,ADIYAMAN,16578,24330,-7752,597835,80,27.73005929729775,40.696847792451095,-12.966788495153345,1.0507953648710489,5.49156856506523,610.0,0.9407582011343285,1.035596029549259
2015,ADIYAMAN,18523,24064,-5541,602774,80,30.729593512659804,39.92209352095478,-9.192500008294981,-1.09330045211673,11.732416455543483,2211.0,-1.9037205914508748,3.7742884868583637
2016,ADIYAMAN,18789,21201,-2412,610484,80,30.77721938658507,34.72818288439992,-3.9509634978148482,-11.897440159574469,1.4360524753009862,3129.0,-13.01011589942952,5.241536510480133
2017,ADIYAMAN,18040,22741,-4701,615076,80,29.329708848987767,36.97266679239639,-7.642957943408619,7.263808310928721,-3.9863750066528314,-2289.0,6.463004170035913,-3.6919944455937705
2018,ADIYAMAN,22034,22897,-863,624513,80,35.28189164997366,36.663768408343785,-1.3818767583701221,0.6859856646585394,22.139689578713973,3838.0,-0.8354776943385933,6.261081185038496
2019,ADIYAMAN,17619,24821,-7202,626465,80,28.12447622772222,39.62072901119775,-11.496252783475533,8.402847534611514,-20.037215212852864,-6339.0,8.065075498843255,-10.114376025105411
2020,ADIYAMAN,16163,16936,-773,632459,80,25.555806779569902,26.778020393416806,-1.2222136138469055,-31.767454977639897,-8.263806118394912,6429.0,-32.41411487948971,10.274039169628628
2021,ADIYAMAN,17598,24860,-7262,632148,80,27.838417585755234,39.32623373007587,-11.487816144320632,46.78790741615493,8.87830229536597,-6489.0,46.86012316184491,-10.265602530473727
2022,ADIYAMAN,18780,23359,-4579,635169,80,29.566934154532102,36.776039132892194,-7.20910497836009,-6.037811745776345,6.716672349130581,2683.0,-6.484716066856255,4.278711165960543
2023,ADIYAMAN,23294,48372,-25078,604978,80,38.50387947991497,79.95662652195618,-41.452747042041196,107.0807825677469,24.036208732694362,-20499.0,117.41500283113311,-34.24364206368111
2024,ADIYAMAN,22295,21158,1137,611037,80,36.48715216918125,34.62638105384781,1.8607711153334414,-56.25981973042256,-4.288658023525372,26215.0,-56.69354428761528,43.31351815737464
2008,AFYONKARAHİSAR,18270,24861,-6591,697365,80,26.198619087565337,35.649910735411154,-9.451291647845819,,,,,
2009,AFYONKARAHİSAR,20223,22256,-2033,701326,80,28.8353775562292,31.73417212537393,-2.8987945691447345,-10.478259120711153,10.689655172413804,4558.0,-10.983866521011254,6.5524970787010846
2010,AFYONKARAHİSAR,17451,24119,-6668,697559,80,25.017238685186484,34.57628673703586,-9.559048051849377,8.37077641984183,-13.70716510903427,-4635.0,8.956006794295535,-6.6602534827046425
2011,AFYONKARAHİSAR,17219,24063,-6844,698626,80,24.64694987017374,34.44332160555147,-9.796371735377727,-0.23218209710187399,-1.3294367084980774,-176.0,-0.3845558445753072,-0.23732368352835032
2012,AFYONKARAHİSAR,24167,21738,2429,703948,80,34.33066078744452,30.880121827180417,3.4505389602641103,-9.66213689066201,40.35077530634763,9273.0,-10.345110785705247,13.246910695641837
2013,AFYONKARAHİSAR,22200,26799,-4599,707123,80,31.394820985882227,37.898639982011616,-6.503818996129386,23.28181065415402,-8.139198080026478,-7028.0,22.72827223321885,-9.954357956393496
2014,AFYONKARAHİSAR,21414,27100,-5686,706371,80,30.3155140853744,38.365108420362674,-8.04959433498827,1.1231762379193322,-3.5405405405405377,-1087.0,1.23083160391102,-1.5457753388588849
2015,AFYONKARAHİSAR,22922,26226,-3304,709015,80,32.329358335155106,36.98934437212189,-4.659986036966778,-3.225092250922512,7.042121976277205,2382.0,-3.5859772196305872,3.3896082980214928
2016,AFYONKARAHİSAR,22467,24400,-1933,714523,80,31.443354517629245,34.14865581653775,-2.705301298908503,-6.962556241897355,-1.9849925835441984,1371.0,-7.679748326994174,1.9546847380582753
2017,AFYONKARAHİSAR,21453,25483,-4030,715693,80,29.97514297331398,35.606048962334405,-5.630905989020432,4.438524590163939,-4.513286153024431,-2097.0,4.267790666860916,-2.9256046901119293
2018,AFYONKARAHİSAR,26976,25049,1927,725568,80,37.17914792273088,34.523297609596895,2.6558503131339863,-1.7030961817682377,25.744651097748573,5957.0,-3.0409196872219435,8.28675630215442
2019,AFYONKARAHİSAR,23818,27006,-3188,729483,80,32.65052098541021,37.0207393455365,-4.370218360126281,7.8126871332188985,-11.706702253855283,-5115.0,7.2340764320421025,-7.0260686732602675
2020,AFYONKARAHİSAR,18439,19434,-995,736912,80,25.02198362898148,26.372212692967413,-1.3502290639859307,-28.03821373028216,-22.583760181375435,2193.0,-28.7636790642674,3.0199892961403503
2021,AFYONKARAHİSAR,24643,25327,-684,744179,80,33.11434480145234,34.033478504499584,-0.9191337030472507,30.323145003601937,33.646076251423615,311.0,29.050523369907346,0.43109536093867995
2022,AFYONKARAHİSAR,23667,25425,-1758,747555,80,31.659209021409797,34.01087545397998,-2.351666432570179,0.38693883997316103,-3.9605567503956496,-1074.0,-0.06641416485422269,-1.4325327295229284
2023,AFYONKARAHİSAR,30431,26427,4004,751344,80,40.502086926893675,35.17297003769246,5.3291168892012175,3.9410029498525123,28.579879156631605,5762.0,3.4168323167244274,7.680783321771397
2024,AFYONKARAHİSAR,20801,25035,-4234,750193,80,27.7275314485739,33.3714124232031,-5.643880974629195,-5.267340220229311,-31.64536163780356,-8238.0,-5.1219945673019796,-10.972997863830413
2008,AKSARAY,11146,12596,-1450,370598,80,30.075715465275042,33.98831078419204,-3.912595318916994,,,,,
2009,AKSARAY,10217,12587,-2370,376907,80,27.107482747733528,33.395506053217375,-6.288023305483846,-0.07145125436646138,-8.334828638076441,-920.0,-1.7441429635578598,-2.375427986566852
2010,AKSARAY,10159,13225,-3066,377505,80,26.910901842359703,35.03264857419107,-8.121746731831367,5.068721696988954,-0.5676813154546378,-696.0,4.902283913185301,-1.8337234263475208
2011,AKSARAY,10778,13142,-2364,378823,80,28.451281997133226,34.691663388970575,-6.2403813918373485,-0.627599243856336,6.09311940151589,702.0,-0.973335443074963,1.8813653399940184
2012,AKSARAY,10667,12374,-1707,379915,80,28.077333087664346,32.57044338865273,-4.493110300988379,-5.843859382133621,-1.029875672666547,657.0,-6.114494933650949,1.7472710908489697
2013,AKSARAY,11491,13726,-2235,382806,80,30.01781581270931,35.856282294425895,-5.838466481716587,10.926135445288509,7.724758601293713,-528.0,10.088407046119396,-1.3453561807282082
2014,AKSARAY,11936,14577,-2641,384252,80,31.062948273528832,37.93604197245558,-6.873093698926746,6.199912574675803,3.872595944652346,-406.0,5.800265797084592,-1.0346272172101587
2015,AKSARAY,12205,14164,-1959,386514,80,31.57712269154545,36.64550313830806,-5.068380446762601,-2.8332304315016765,2.253686327077742,682.0,-3.4018805522319617,1.8047132521641451
2016,AKSARAY,15234,12294,2940,396673,80,38.40442883685051,30.99278246817908,7.411646368671424,-13.202485173679756,24.817697664891437,4899.0,-15.425414269233496,12.480026815434025
2017,AKSARAY,14139,13799,340,402404,80,35.13633065277681,34.291408634109004,0.8449220186678065,12.241743940133398,-7.187869239858213,-2600.0,10.643207557490818,-6.566724350003618
2018,AKSARAY,16680,14441,2239,412172,80,40.468542259056896,35.036344050542006,5.432198208514892,4.652511051525465,17.971568003394857,1899.0,2.1723674999224896,4.587276189847086
2019,AKSARAY,13689,15672,-1983,416367,80,32.877245314830425,37.63987059493187,-4.7626252801014495,8.52434041963852,-17.93165467625899,-4222.0,7.430930980224781,-10.194823488616342
2020,AKSARAY,12208,12311,-103,423011,80,28.85976960410013,29.10326209011113,-0.24349248601100207,-21.445890760592135,-10.818905690700564,1880.0,-22.67969674149246,4.5191327940904475
2021,AKSARAY,14210,15529,-1319,429069,80,33.11821641740606,36.19231405671349,-3.0740976393074306,26.13922508325888,16.399082568807334,-1216.0,24.35827277592748,-2.8306051532964287
2022,AKSARAY,14264,14147,117,433055,80,32.938079458729256,32.66790592418977,0.27017353453949267,-8.899478395260484,0.3800140745953584,1436.0,-9.738001629298875,3.3442711738469235
2023,AKSARAY,20400,15112,5288,438504,80,46.52181051940233,34.46262747888275,12.059183040519585,6.821234183925928,43.01738642736961,5171.0,5.4938371588857615,11.789009505980092
2024,AKSARAY,13969,14893,-924,439474,80,31.785725662951616,33.88823912222338,-2.102513459271766,-1.4491794600317576,-31.524509803921564,-6212.0,-1.6666992585267382,-14.16169649979135
2008,AMASYA,11748,14268,-2520,323675,80,36.29566694987256,44.08125434463582,-7.785587394763265,,,,,
2009,AMASYA,11533,13187,-1654,324268,80,35.566260007154575,40.66697916538172,-5.100719158227145,-7.57639472946453,-1.8300987402110946,866.0,-7.74541294256429,2.6848682365361203
2010,AMASYA,11729,13726,-1997,334786,80,35.03432043155926,40.99932494190318,-5.965004510343921,4.087358762417526,1.6994710829792758,-343.0,0.817237432782747,-0.8642853521167764
2011,AMASYA,11424,14142,-2718,323079,80,35.359772687175585,43.77257574772734,-8.412803060551752,3.030744572344446,-2.6003921902975513,-721.0,6.76413772605744,-2.447798550207831
2012,AMASYA,11228,13128,-1900,322283,80,34.83894589537766,40.73438561760937,-5.8954397222317025,-7.170131523122613,-1.715686274509809,818.0,-6.9408529843613564,2.5173633383200498
2013,AMASYA,12379,14658,-2279,321977,80,38.446845582137854,45.524990915500176,-7.07814533336232,11.654478976233996,10.251157819736378,-379.0,11.760592986137585,-1.1827056111306176
2014,AMASYA,12970,14817,-1847,321913,80,40.29038901815087,46.02796407725068,-5.737575059099819,1.0847318870241596,4.774214395346954,432.0,1.1048286921881756,1.3405702742625012
2015,AMASYA,13957,15092,-1135,322167,80,43.32225212389847,46.84526968932262,-3.5230175654241433,1.8559762435040872,7.609868928296071,712.0,1.7756718735163268,2.2145574936756756
2016,AMASYA,15395,13609,1786,326351,80,47.17313567294109,41.700500381491096,5.472635291450003,-9.826398091704213,10.303073726445522,2921.0,-10.98247345345984,8.995652856874147
2017,AMASYA,14326,14675,-349,329888,80,43.426860025220684,44.48479483946067,-1.0579348142399845,7.8330516569917075,-6.943812926274761,-2135.0,6.676885007368849,-6.530570105689987
2018,AMASYA,16760,15237,1523,337508,80,49.658082178792796,45.145596548822546,4.512485629970253,3.829642248722309,16.99008795197543,1872.0,1.485455225199117,5.570420444210237
2019,AMASYA,13329,14813,-1484,337800,80,39.4582593250444,43.85139135583185,-4.393132030787449,-2.782700006562977,-20.47136038186157,-3007.0,-2.866736275355408,-8.905617660757702
2020,AMASYA,12241,11347,894,335494,80,36.48649454237632,33.821767304333314,2.6647272380430054,-23.398366299871732,-8.16265286218021,2378.0,-22.871849082537,7.057859268830454
2021,AMASYA,15244,14540,704,335331,80,45.45956085181507,43.3601426650086,2.099418186806469,28.13959636908434,24.53230945184217,-190.0,28.201883345857006,-0.5653090512365364
2022,AMASYA,15217,13847,1370,338267,80,44.985174433214,40.935119299251774,4.050055133962226,-4.766162310866573,-0.177118866439252,666.0,-5.592747663429187,1.9506369471557568
2023,AMASYA,19307,15046,4261,339529,80,56.86406757596553,44.314329556532726,12.549738019432802,8.65891528851015,26.877834001445745,2891.0,8.255039474974035,8.499682885470577
2024,AMASYA,13879,14446,-567,342378,80,40.53706721810397,42.19313156803299,-1.656064349929026,-3.987770836102622,-28.114155487646965,-4828.0,-4.7867089714032085,-14.205802369361827
2008,ANKARA,156760,126198,30562,4548939,80,34.46078305292729,27.74229331279228,6.718489740135007,,,,,
2009,ANKARA,168193,131114,37079,4650802,80,36.16430026477154,28.1916968299231,7.972603434848442,3.8954658552433408,7.293314621076807,6517.0,1.6199220160490135,1.2541136947134346
2010,ANKARA,182845,133440,49405,4771716,80,38.31850009514397,27.964782480767926,10.353717614376045,1.7740287078420236,8.711420808238145,12326.0,-0.8048978056344636,2.3811141795276027
2011,ANKARA,191864,137385,54479,4890893,80,39.22882794614398,28.089962303407578,11.138865642736409,2.956384892086339,4.932593180015865,5074.0,0.4476338148731829,0.7851480283603642
2012,ANKARA,160235,137834,22401,4965542,80,32.26938771235849,27.758097706151716,4.511290006206775,0.32681879390035196,-16.485114456073045,-32078.0,-1.181434825975558,-6.627575636529634
2013,ANKARA,186642,153791,32851,5045083,80,36.99483239423415,30.48334388155755,6.5114885126766,11.576969397971482,16.480169750678698,10450.0,9.817842001477883,2.0001985064698244
2014,ANKARA,203621,163612,40009,5150072,80,39.53750549506881,31.76887624095352,7.768629254115282,6.385939359260284,9.09709497326432,7158.0,4.217163197026164,1.2571407414386826
2015,ANKARA,204048,153001,51047,5270575,80,38.714561504200205,29.029280486474434,9.685281017725769,-6.4854656137691595,0.20970332136664993,11038.0,-8.623521127094358,1.9166517636104867
2016,ANKARA,177166,159915,17251,5346518,80,33.13670691840933,29.9101209422656,3.226585976143726,4.518924712910377,-13.17435113306673,-33796.0,3.03431721706493,-6.458695041582043
2017,ANKARA,188100,156058,32042,5445026,80,34.5452895909037,28.660652860059805,5.8846367308438925,-2.41190632523528,6.171613063454617,14791.0,-4.177408993489518,2.6580507547001666
2018,ANKARA,184382,221747,-37365,5503985,80,33.499727924403864,40.288445553539844,-6.788717629135981,42.09268348947186,-1.9766081871344987,-69407.0,40.570578591683116,-12.673354359979873
2019,ANKARA,211744,154464,57280,5639076,80,37.54941412387419,27.391721622478578,10.15769250139562,-30.342236873554096,14.839843368658556,94645.0,-32.01097424799535,16.9464101305316
2020,ANKARA,153162,141165,11997,5663322,80,27.044550883739262,24.926182901131174,2.118367982608088,-8.609773151025479,-27.666427384010884,-45283.0,-9.001035989370232,-8.03932451878753
2021,ANKARA,197702,165604,32098,5747325,80,34.39895951594872,28.814100472828663,5.58485904312006,17.31236496298658,29.080320183857623,20101.0,15.597725440428544,3.4664910605119723
2022,ANKARA,189104,161912,27192,5782285,80,32.704026176502886,28.001386994933664,4.702639181569224,-2.2294147484360316,-4.348969661409596,-4906.0,-2.820540862142751,-0.8822198615508361
2023,ANKARA,232700,208740,23960,5803482,80,40.09661785803764,35.96806193247433,4.128555925563308,28.92188349226741,23.053980878246882,-3232.0,28.451001155700204,-0.5740832560059159
2024,ANKARA,202402,150373,52029,5864049,80,34.51574159765718,25.64320318605796,8.872538411599221,-27.9615789977963,-13.020197679415556,28069.0,-28.70562991634088,4.743982486035913
2008,ANTALYA,92031,55806,36225,1859275,80,49.49832596038779,30.01492517244625,19.483400787941537,,,,,
2009,ANTALYA,75696,58632,17064,1919729,80,39.43056546002066,30.54181084934384,8.88875461067682,5.063971615955265,-17.74945398833002,-19161.0,1.7554122619678258,-10.594646177264718
2010,ANTALYA,86907,61662,25245,1978333,80,43.929409255165844,31.168665740297513,12.760743514868327,5.1678264428980825,14.810558021559928,8181.0,2.0524483438320473,3.8719889041915074
2011,ANTALYA,89731,62875,26856,2043482,80,43.910834546132534,30.768560721356977,13.142273824775554,1.9671758943920148,3.249450562095113,1611.0,-1.2836770822154397,0.3815303099072267
2012,ANTALYA,83596,62893,20703,2092537,80,39.949592289168606,30.055860422061834,9.893731867106771,0.028628230616312145,-6.837102004881257,-6153.0,-2.3163264143208573,-3.248541957668783
2013,ANTALYA,88605,64075,24530,2158265,80,41.0538094256266,29.68819862250465,11.365610803121953,1.8793824431971862,5.9919134886836645,3827.0,-1.2232616015454667,1.471878936015182
2014,ANTALYA,93057,64631,28426,2222562,80,41.86924819195145,29.07950374387756,12.78974444807389,0.8677331252438636,5.024547147452174,3896.0,-2.050292395193287,1.4241336449519366
2015,ANTALYA,96441,68374,28067,2288456,80,42.14238770594672,29.877786594979323,12.264601110967394,5.791338521762013,3.63648086656565,-359.0,2.7451735701295554,-0.5251433371064955
2016,ANTALYA,79203,73119,6084,2328555,80,34.01379825685886,31.40101908694448,2.612779169914389,6.939772428115942,-17.87414066631412,-21983.0,5.098210629234234,-9.651821941053004
2017,ANTALYA,87232,72178,15054,2364396,80,36.89398899338351,30.527035234368523,6.366953759014987,-1.2869432021772709,10.137242276176405,8970.0,-2.7832977336055054,3.7541745891005984
2018,ANTALYA,95920,80349,15571,2426356,80,39.53253356061518,33.11509110781765,6.417442452797529,11.320624012857095,9.959647835656638,517.0,8.477914260522068,0.05048869378254128
2019,ANTALYA,100140,68494,31646,2511700,80,39.8694111557909,27.26997650993351,12.599434645857388,-14.754383999800869,4.399499582985822,16075.0,-17.650909003551707,6.181992193059859
2020,ANTALYA,83035,62325,20710,2548308,80,32.5843657831,24.457404677927475,8.12696110517253,-9.006628317808863,-17.081086478929496,-10936.0,-10.313803647691122,-4.472473540684858
2021,ANTALYA,88305,80505,7800,2619832,80,33.70635979711676,30.72906965026765,2.977290146849111,29.1696750902527,6.346721262118393,-12910.0,25.643215438963885,-5.149670958323419
2022,ANTALYA,92004,78986,13018,2688004,80,34.22762763745887,29.38462889192129,4.842998745537581,-1.8868393267498895,4.1888907762867245,5218.0,-4.375143060455944,1.8657085986884696
2023,ANTALYA,118356,88758,29598,2696249,80,43.89653922912906,32.919066451206845,10.977472777922216,12.371812726305919,28.64223294639363,16580.0,12.02818511775481,6.134474032384635
2024,ANTALYA,96618,71999,24619,2722103,80,35.49388101772784,26.449770636893607,9.04411038083423,-18.881678271254422,-18.366622731420456,-4979.0,-19.652124169141093,-1.9333623970879863
2008,ARDAHAN,4640,7447,-2807,112242,80,41.33924912243189,66.34771297731687,-25.00846385488498,,,,,
2009,ARDAHAN,3775,7033,-3258,108169,80,34.899093085819416,65.01862825763388,-30.119535171814476,-5.559285618369813,-18.64224137931034,-451.0,-2.0032110528623415,-5.111071316929497
2010,ARDAHAN,4586,6857,-2271,105454,80,43.48815597322055,65.02361219109754,-21.535456217876987,-2.502488269586234,21.48344370860926,987.0,0.007665393129974163,8.584078953937489
2011,ARDAHAN,4908,6673,-1765,107455,80,45.674933693173884,62.100414126843795,-16.425480433669907,-2.6833892372757795,7.021369385085041,506.0,-4.495594701295236,5.10997578420708
2012,ARDAHAN,4923,5986,-1063,106643,80,46.163367497163435,56.13120411091211,-9.967836613748675,-10.29521954143564,0.3056234718826323,702.0,-9.612190353093652,6.457643819921232
2013,ARDAHAN,5254,7633,-2379,102782,80,51.11790002140452,74.26397618260008,-23.14607616119554,27.514199799532246,6.723542555352435,-1316.0,32.30426348214199,-13.178239547446866
2014,ARDAHAN,5323,8033,-2710,100809,80,52.802825144580346,79.68534555446438,-26.882520409884037,5.240403511070357,1.3132851161020254,-331.0,7.300133457080515,-3.736444248688496
2015,ARDAHAN,5630,7802,-2172,99265,80,56.71686898705485,78.59769304387245,-21.88082405681761,-2.8756379932777243,5.767424384745445,538.0,-1.364934170798715,5.0016963530664285
2016,ARDAHAN,5164,6880,-1716,98335,80,52.51436416331927,69.96491584888392,-17.45055168556465,-11.817482696744419,-8.277087033747776,456.0,-10.983499465015855,4.430272371252958
2017,ARDAHAN,5284,7154,-1870,97096,80,54.42036747136854,73.67965724643652,-19.259289775067973,3.9825581395348753,2.323780015491872,-154.0,5.309434525121137,-1.808738089503322
2018,ARDAHAN,7342,6376,966,98907,80,74.23134864064222,64.46459805676038,9.766750583881828,-10.87503494548504,38.94776684330053,2836.0,-12.50692461672902,29.0260403589498
2019,ARDAHAN,5164,7028,-1864,97319,80,53.06260853481849,72.21611401679014,-19.153505481971663,10.225846925972393,-29.66494143285209,-2830.0,12.024454031660348,-28.920256065853494
2020,ARDAHAN,4085,5215,-1130,96161,80,42.48083942554673,54.23196514179345,-11.75112571624671,-25.796812749003983,-20.89465530596437,734.0,-24.90323540645707,7.4023797657249535
2021,ARDAHAN,4750,6445,-1695,94932,80,50.03581510976278,67.89070071208864,-17.854885602325876,23.585810162991372,16.279069767441868,-565.0,25.185765506714407,-6.103759886079166
2022,ARDAHAN,5391,8157,-2766,92481,80,58.293054789632464,88.20190093100204,-29.90884614136958,26.5632273079907,13.49473684210527,-1071.0,29.91749975456768,-12.053960539043704
2023,ARDAHAN,6856,6811,45,92819,80,73.86418728924035,73.3793727577328,0.4848145315075577,-16.501164643864165,27.174921164904475,2811.0,-16.805225303323688,30.393660672877136
2024,ARDAHAN,4570,6441,-1871,91354,80,50.025176784815116,70.50594391050201,-20.48076712568689,-5.432388782851271,-33.343057176196034,-1916.0,-3.915853651022083,-20.965581657194445
2008,ARTVİN,6700,8660,-1960,166584,80,40.219949094750994,51.98578494933487,-11.765835854583873,,,,,
2009,ARTVİN,6206,7547,-1341,165580,80,37.48037202560696,45.57917622901317,-8.098804203406209,-12.852193995381068,-7.37313432835821,619.0,-12.323770289446534,3.6670316511776644
2010,ARTVİN,7115,7988,-873,164759,80,43.18428735304293,48.48293568181404,-5.298648328771114,5.843381476083209,14.647115694489198,468.0,6.370802838144529,2.8001558746350943
2011,ARTVİN,7948,7948,0,166394,80,47.766145413897135,47.766145413897135,0.0,-0.5007511266900355,11.707659873506682,873.0,-1.4784382542779362,5.298648328771114
2012,ARTVİN,7286,7612,-326,167082,80,43.607330532313476,45.55846829700386,-1.9511377646903914,-4.227478610971314,-8.329139406139907,-326.0,-4.621844818675635,-1.9511377646903914
2013,ARTVİN,10053,8644,1409,169334,80,59.36787650442321,51.04704312187747,8.320833382545738,13.557540725170792,37.97694208070273,1735.0,12.047320794660177,10.27197114723613
2014,ARTVİN,9551,10187,-636,169674,80,56.290297865318195,60.0386623760859,-3.7483645107677073,17.850532161036558,-4.993534268377598,-2045.0,17.614378236836316,-12.069197893313445
2015,ARTVİN,9050,10969,-1919,168370,80,53.75066817128942,65.14818554374295,-11.397517372453526,7.676450377932653,-5.245524028897497,-1283.0,8.510388082350474,-7.649152861685819
2016,ARTVİN,8240,9283,-1043,168068,80,49.027774472237425,55.233595925458744,-6.205821453221315,-15.370589844106119,-8.950276243093924,876.0,-15.218519956518485,5.191695919232211
2017,ARTVİN,7788,10146,-2358,166143,80,46.8752821364728,61.06787526407974,-14.19259312760694,9.296563610901654,-5.485436893203888,-1315.0,10.562917805486949,-7.986771674385626
2018,ARTVİN,15934,8876,7058,174010,80,91.56945003160737,51.0085627262801,40.560887305327284,-12.517248176621331,104.59681561376475,9416.0,-16.472347358246065,54.753480432934225
2019,ARTVİN,8403,11676,-3273,170875,80,49.17629846378932,68.33065106071689,-19.15435259692758,31.54574132492114,-47.26371281536338,-10331.0,33.95917745691017,-59.715239902254865
2020,ARTVİN,6358,7801,-1443,169501,80,37.51010318523194,46.023327296004155,-8.513224110772207,-33.18773552586502,-24.336546471498277,1830.0,-32.64614549756158,10.641128486155374
2021,ARTVİN,8238,8224,14,169543,80,48.589443386043655,48.50686846404747,0.08257492199618977,5.422381745930016,29.569046870084925,1457.0,5.3962660110820515,8.595799032768397
2022,ARTVİN,9983,9879,104,169403,80,58.93047938938508,58.31655873862918,0.6139206507558899,20.124027237354092,21.182325807234758,90.0,20.223301534817683,0.5313457287597001
2023,ARTVİN,13425,10352,3073,172356,80,77.89110909977025,60.06173269279862,17.829376406971615,4.787934001417149,34.47861364319343,2969.0,2.99258734040051,17.215455756215725
2024,ARTVİN,7670,10400,-2730,169280,80,45.30954631379962,61.43667296786389,-16.127126654064273,0.46367851622874934,-42.86778398510243,-5803.0,2.289211804957003,-33.95650306103589
2008,AYDIN,34375,25577,8798,965500,80,35.60331434489902,26.490937338166756,9.112377006732263,,,,,
2009,AYDIN,28524,27640,884,979155,80,29.1312407126553,28.22842144502147,0.9028192676338271,8.0658404034875,-17.02109090909091,-7914.0,6.55878682084774,-8.209557739098436
2010,AYDIN,29971,29923,48,989862,80,30.277957937571095,30.22946632964999,0.04849160792110416,8.259768451519545,5.072921048941237,-836.0,7.088759421159319,-0.854327659712723
2011,AYDIN,32077,31056,1021,999163,80,32.103870939976765,31.082015647096622,1.0218552928801405,3.7863850549744393,7.026792566147266,973.0,2.820259240271228,0.9733636849590364
2012,AYDIN,32412,29623,2789,1006541,80,32.20137083337887,29.430495131345864,2.770875702033002,-4.6142452344152485,1.0443620039280566,1768.0,-5.313427978745089,1.7490204091528616
2013,AYDIN,34688,32338,2350,1020957,80,33.97596568709554,31.67420371279104,2.3017619743045006,9.165175708064677,7.022090583734419,-439.0,7.623754107539438,-0.4691137277285016
2014,AYDIN,45842,32396,13446,1041979,80,43.99512850067036,31.09083772321707,12.904290777453289,0.17935555692991656,32.15521217712176,11096.0,-1.8417700247927216,10.602528803148788
2015,AYDIN,42743,37689,5054,1053506,80,40.57214671772159,35.774831847184544,4.797314870537045,16.338436844054826,-6.760176257580386,-8392.0,15.06551275866621,-8.106975906916244
2016,AYDIN,40363,33119,7244,1068260,80,37.78387283994533,31.00275213899238,6.781120700952952,-12.125553875135985,-5.568163208010668,2190.0,-13.339209331790958,1.983805830415907
2017,AYDIN,41352,35339,6013,1080839,80,38.25916718401168,32.695896428607774,5.563270755403904,6.703100939038009,2.4502638555112366,-1231.0,5.46127092854416,-1.2178499455490481
2018,AYDIN,47005,36462,10543,1097746,80,42.81955935161686,33.215333966145174,9.604225385471684,3.177792240867028,13.67043915650996,4530.0,1.5886933660669067,4.04095463006778
2019,AYDIN,40439,36180,4259,1110972,80,36.39965723708608,32.566077272874566,3.8335799642115194,-0.773407931545167,-13.96872673119881,-6284.0,-1.954689644043217,-5.7706454212601646
2020,AYDIN,35455,30996,4459,1119084,80,31.682161482069265,27.69765272311998,3.984508758949284,-14.328358208955228,-12.324736022156824,200.0,-14.949373573493506,0.15092879473776444
2021,AYDIN,46485,37246,9239,1134031,80,40.99094292836792,32.843899329030684,8.147043599337232,20.163892115111626,31.109857565928635,4780.0,18.580082064553416,4.1625348403879485
2022,AYDIN,45705,36499,9206,1148241,80,39.80436162791609,31.78688097707711,8.017480650838978,-2.0055844922944766,-1.6779606324620833,-33.0,-3.2183095599104927,-0.12956294849825412
2023,AYDIN,52916,41605,11311,1161702,80,45.55040793594226,35.81383177441374,9.736576161528516,13.989424367790892,15.777267257411665,2105.0,12.668593688826025,1.719095510689538
2024,AYDIN,40849,35832,5017,1165943,80,35.035160380910554,30.732205605248286,4.3029547756622755,-13.875736089412328,-22.8040668228891,-6294.0,-14.18900440805636,-5.433621385866241
2008,AĞRI,12195,27450,-15255,532180,80,22.915179074749144,51.580292382276674,-28.665113307527527,,,,,
2009,AĞRI,12115,22613,-10498,537665,80,22.532617894041827,42.05778691192471,-19.52516901788288,-17.62112932604736,-0.6560065600656029,4757.0,-18.461518984378543,9.139944289644646
2010,AĞRI,14950,22966,-8016,542022,80,27.581906269487217,42.37097387190926,-14.789067602422042,1.5610489541414196,23.400742880726376,2482.0,0.7446586779290332,4.736101415460839
2011,AĞRI,15508,25182,-9674,555479,80,27.91824713445513,45.33384700411717,-17.415599869662042,9.649046416441687,3.732441471571901,-1658.0,6.992695379541924,-2.62653226724
2012,AĞRI,12856,27984,-15128,552404,80,23.27282206501039,50.65857596976126,-27.38575390475087,11.12699547295688,-17.100851173587827,-5454.0,11.745592570514706,-9.970154035088829
2013,AĞRI,14725,28477,-13752,551177,80,26.715555982923817,51.66579882687412,-24.95024284395031,1.7617209834190906,14.537958929682638,1376.0,1.9882573440558104,2.435511060800561
2014,AĞRI,14480,30995,-16515,549435,80,26.354345827986933,56.4124964736502,-30.05815064566327,8.842223548828887,-1.6638370118845502,-2763.0,9.187311054033431,-5.107907801712962
2015,AĞRI,16597,32174,-15577,547210,80,30.330220573454433,58.79644012353576,-28.466219550081323,3.80383932892403,14.620165745856362,938.0,4.225914112840368,1.5919310955819483
2016,AĞRI,14306,30811,-16505,542255,80,26.38242155443472,56.82013075029276,-30.437709195858037,-4.2363399017840475,-13.803699463758512,-928.0,-3.3612738612926574,-1.971489645776714
2017,AĞRI,15088,32479,-17391,536285,80,28.134294265176166,60.562946940526025,-32.42865267534986,5.4136509688098355,5.466237942122176,-886.0,6.587130548294229,-1.990943479491822
2018,AĞRI,20091,29482,-9391,539657,80,37.22920299375344,54.630997096303766,-17.401794102550323,-9.227500846700941,33.158801696712615,8000.0,-9.794684941681497,15.026858572799537
2019,AĞRI,16342,28158,-11816,536199,80,30.477490633141798,52.514085255660675,-22.03659462251888,-4.490875788616789,-18.66009656064904,-2425.0,-3.874928068604333,-4.634800519968557
2020,AĞRI,14626,24353,-9727,535435,80,27.31610746402458,45.4826449522351,-18.16653748821052,-13.513033596136093,-10.500550728185043,2089.0,-13.389627314640562,3.870057134308361
2021,AĞRI,14858,34800,-19942,524644,80,28.320156143975723,66.3306928126501,-38.010536668674376,42.898205559889945,1.586216327088752,-10215.0,45.83736913785286,-19.843999180463857
2022,AĞRI,16871,37676,-20805,510626,80,33.039837376083476,73.78394362997575,-40.744106253892284,8.264367816091944,13.548256831336648,-863.0,11.23650379829022,-2.733569585217907
2023,AĞRI,23324,30696,-7372,511238,80,45.62258674042227,60.04248510478485,-14.419898364362586,-18.526382843189293,38.24906644537964,13433.0,-18.623914430629917,26.324207889529696
2024,AĞRI,14411,30970,-16559,499801,80,28.833475723337887,61.96466193545031,-33.13118621211242,0.8926244461819222,-38.213856971359974,-9187.0,3.2013612149978776,-18.71128784774983
2008,BALIKESİR,37407,31129,6278,1130276,80,33.09545633102003,27.541060767458568,5.554395563561466,,,,,
2009,BALIKESİR,33275,31291,1984,1140085,80,29.1864203107663,27.44619918690273,1.7402211238635716,0.5204150470622171,-11.046060897692945,-4294.0,-0.3444369167796224,-3.8141744396978945
2010,BALIKESİR,36784,35162,1622,1152323,80,31.92160531378789,30.514013865903916,1.4075914478839702,12.370969288293754,10.545454545454547,-362.0,11.177557439228746,-0.33262967597960147
2011,BALIKESİR,37143,36638,505,1154314,80,32.17755307481326,31.7400637954664,0.4374892793468675,4.197713440646145,0.9759678120922155,-1117.0,4.017989684839396,-0.9701021685371027
2012,BALIKESİR,34922,35315,-393,1160731,80,30.086212912380216,30.424792652216578,-0.33857973983636175,-3.6110049675200595,-5.97959238618313,-898.0,-4.143883111658053,-0.7760690191832292
2013,BALIKESİR,38710,39688,-978,1162761,80,33.29145026363974,34.13255174537157,-0.8411014817318434,12.382840152909536,10.847030525170375,-585.0,12.186637179546622,-0.5025217418954817
2014,BALIKESİR,57551,39918,17633,1189057,80,48.40053925085173,33.57114082840436,14.829398422447367,0.5795202580124892,48.67217773185224,18611.0,-1.6447962084854661,15.670499904179211
2015,BALIKESİR,43296,48892,-5596,1186688,80,36.48473735303635,41.200382914464456,-4.715645561428109,22.48108622676486,-24.76933502458689,-23229.0,22.725596741130218,-19.545043983875477
2016,BALIKESİR,43475,38566,4909,1196176,80,36.344986022123834,32.241074891989136,4.103911130134696,-21.12001963511413,0.41343311160384477,10505.0,-21.745691153103152,8.819556691562806
2017,BALIKESİR,43998,40371,3627,1204824,80,36.51819684866835,33.50779864942929,3.010398199239059,4.6802883368770365,1.20299022426682,-1282.0,3.9289129214326923,-1.093512930895637
2018,BALIKESİR,55238,40028,15210,1226575,80,45.034343599046124,32.63396041823778,12.400383180808348,-0.8496197765722968,25.546615755261605,11583.0,-2.6078652326102514,9.389984981569288
2019,BALIKESİR,41467,42931,-1464,1228620,80,33.75087496540834,34.9424557633768,-1.1915807979684525,7.2524233036874275,-24.930301603968285,-16674.0,7.073904961436739,-13.5919639787768
2020,BALIKESİR,40715,31561,9154,1240285,80,32.827132473584705,25.44657074785231,7.3805617257323926,-26.484358621974803,-1.813490245255267,10618.0,-27.17578031672614,8.572142523700846
2021,BALIKESİR,50218,40287,9931,1250610,80,40.154804455425754,32.213879626742155,7.9409248286836025,27.648046639840306,23.340292275574104,777.0,26.59418805758338,0.56036310295121
2022,BALIKESİR,49652,40975,8677,1257590,80,39.48186610898623,32.58216111769337,6.899704991292869,1.7077469158785608,-1.1270859054522298,-1254.0,1.1432385518864496,-1.0412198373907335
2023,BALIKESİR,60574,43098,17476,1273519,80,47.564268770234285,33.841662354468205,13.722606415766078,5.181208053691266,21.997099814710385,8799.0,3.8656160106300685,6.822901424473209
2024,BALIKESİR,44834,40371,4463,1276096,80,35.13372034705853,31.636334570439843,3.497385776618687,-6.327439788389255,-25.984745930597285,-13013.0,-6.516605954308819,-10.225220639147391
2008,BARTIN,8418,6325,2093,185368,80,45.41236890941263,34.1213154374002,11.291053472012429,,,,,
2009,BARTIN,7566,7104,462,188449,80,40.14879357279688,37.69720189547304,2.4515916773238384,12.316205533596847,-10.121168923734858,-1631.0,10.479919698973085,-8.83946179468859
2010,BARTIN,6902,7859,-957,187758,80,36.76008478999563,41.85707133650763,-5.0969865465119994,10.627815315315313,-8.776103621464449,-1419.0,11.034955465843566,-7.548578223835838
2011,BARTIN,6560,7619,-1059,187291,80,35.02570865658254,40.68001131928389,-5.654302662701358,-3.0538236416846942,-4.955085482468846,-102.0,-2.8120935833298666,-0.5573161161893587
2012,BARTIN,7145,7330,-185,188436,80,37.91738309027999,38.89914878261054,-0.9817656923305526,-3.7931487071794168,8.917682926829261,874.0,-4.377733631133863,4.672536970370806
2013,BARTIN,7886,8133,-247,189139,80,41.69420373376194,43.0001216036883,-1.3059178699263505,10.954979536152788,10.37088873337999,-62.0,10.542577278480337,-0.32415217759579795
2014,BARTIN,7794,8903,-1109,189405,80,41.149916844856264,47.0050949024577,-5.855178057601436,9.467601131193891,-1.166624397666749,-862.0,9.313865052944115,-4.5492601876750856
2015,BARTIN,8872,8113,759,190708,80,46.52138347630933,42.54147702246367,3.9799064538456697,-8.87341345613838,13.831152168334615,1868.0,-9.496029928791083,9.835084511447105
2016,BARTIN,8940,8108,832,192389,80,46.46835318027538,42.14378160913566,4.324571571139723,-0.0616294835449227,0.7664562669071229,73.0,-0.9348415738316018,0.34466511729405314
2017,BARTIN,8759,8144,615,193577,80,45.248144149356584,42.07111382034023,3.1770303290163606,0.44400592007893813,-2.0246085011185633,-217.0,-0.17242825873906575,-1.1475412421233622
2018,BARTIN,13399,8813,4586,198999,80,67.3319966431992,44.286654706807575,23.04534193639164,8.214636542239685,52.974083799520486,3971.0,5.266180724210323,19.86831160737528
2019,BARTIN,9423,10708,-1285,198249,80,47.53113508769275,54.012882788816086,-6.481747701123335,21.50232610915692,-29.6738562579297,-5871.0,21.96198413810975,-29.527089637514976
2020,BARTIN,7585,7441,144,198979,80,38.119600560863205,37.395906100643785,0.7236944602194202,-30.50989914082929,-19.50546535073756,1429.0,-30.764839479393636,7.205442161342755
2021,BARTIN,10907,8794,2113,201711,80,54.072410527933535,43.5970274303335,10.475383097600032,18.18303991399006,43.79696769940673,1969.0,16.582353461367138,9.751688637380612
2022,BARTIN,9990,8634,1356,203351,80,49.12687914000915,42.458606055539434,6.66827308446971,-1.8194223334091375,-8.407444760245719,-757.0,-2.6112362284635537,-3.8071100131303224
2023,BARTIN,13197,8926,4271,207238,80,63.68040610312781,43.07125141142069,20.60915469170712,3.381978225619653,32.102102102102094,2915.0,1.4429238564258595,13.940881607237408
2024,BARTIN,9439,9569,-130,206715,80,45.661901652032995,46.29078683211185,-0.6288851800788526,7.203674658301584,-28.476168826248394,-4401.0,7.4749056857852825,-21.238039871785972
2008,BATMAN,16467,19669,-3202,485616,80,33.90950874765247,40.50319594082567,-6.593687193173206,,,,,
2009,BATMAN,18326,16855,1471,497998,80,36.799344575681026,33.84551745187732,2.95382712380371,-14.306777162031626,11.28924515698062,4673.0,-16.437415207123607,9.547514316976915
2010,BATMAN,19561,18839,722,510200,80,38.339866718933756,36.92473539788318,1.4151313210505683,11.770987837436952,6.739059260067659,-749.0,9.097860448976736,-1.5386958027531417
2011,BATMAN,18429,19902,-1473,524499,80,35.13638729530466,37.94478159157596,-2.808394296271299,5.6425500291947595,-5.787025203210472,-2195.0,2.7625010245875936,-4.223525617321867
2012,BATMAN,15906,20739,-4833,534205,80,29.775086343257737,38.822175007721754,-9.047088664464017,4.20560747663552,-13.690379293504806,-3360.0,2.312290068209477,-6.238694368192718
2013,BATMAN,18816,20209,-1393,547581,80,34.36203958866359,36.90595546594933,-2.543915877285735,-2.5555716283330976,18.29498302527348,3440.0,-4.935889195778653,6.503172787178282
2014,BATMAN,18543,21515,-2972,557593,80,33.2554390030004,38.5854915682227,-5.330052565222304,6.462467217576329,-1.4508928571428603,-1579.0,4.55085386916203,-2.786136687936569
2015,BATMAN,18872,23216,-4344,566633,80,33.305508150778365,40.97184597437848,-7.666337823600108,7.9061120148733455,1.77425443563608,-1372.0,6.184589878650337,-2.3362852583778038
2016,BATMAN,18757,21489,-2732,576899,80,32.51349022965891,37.249154531382445,-4.735664301723525,-7.438835286009649,-0.6093683764306856,1612.0,-9.08597441600264,2.9306735218765825
2017,BATMAN,19889,22323,-2434,585252,80,33.983651486880866,38.14254372475447,-4.1588922378736,3.8810554237051598,6.035080236711621,298.0,2.398414687826911,0.5767720638499254
2018,BATMAN,23099,22525,574,599103,80,38.55597451523361,37.597875490525,0.9580990247086061,0.9048962953008166,16.139574639247822,3008.0,-1.4279808870638622,5.116991262582205
2019,BATMAN,20902,23325,-2423,608659,80,34.341067822869626,38.32195038601253,-3.980882563142909,3.5516093229744694,-9.511234252565048,-2997.0,1.9258399205827725,-4.938981587851515
2020,BATMAN,18598,17593,1005,620278,80,29.9833300552333,28.363088808566484,1.620241246666817,-24.574490889603428,-11.022868625011961,3428.0,-25.987355750768415,5.601123809809726
2021,BATMAN,19002,24411,-5409,626319,80,30.339172210965977,38.97534642889645,-8.63617421793048,38.75404990621269,2.1722765888805284,-6414.0,37.41573314513176,-10.256415464597296
2022,BATMAN,20528,24070,-3542,634491,80,32.353492799740266,37.93592028886147,-5.582427489121201,-1.3969112285445062,8.030733606988738,1867.0,-2.6668810806626975,3.053746728809278
2023,BATMAN,27888,25138,2750,647205,80,43.08990196305653,38.84086185984348,4.249040103213047,4.43705857914416,35.8534684333593,6292.0,2.385447786929573,9.83146759233425
2024,BATMAN,20987,22923,-1936,654528,80,32.06432727094945,35.02218392490467,-2.9578566539552162,-8.811361285702922,-24.745410212277687,-4686.0,-9.831599382934497,-7.206896757168263
2008,BAYBURT,2996,4949,-1953,75675,80,39.59035348529898,65.3980839114635,-25.807730426164518,,,,,
2009,BAYBURT,3101,4420,-1319,74710,80,41.5071610226208,59.16209342792129,-17.654932405300496,-10.689028086482121,3.5046728971962704,634.0,-9.535433013579642,8.152798020864022
2010,BAYBURT,3984,4780,-796,74412,80,53.5397516529592,64.23695102940385,-10.69719937644466,8.14479638009049,28.474685585295067,523.0,8.577887135899598,6.957733028855836
2011,BAYBURT,3997,4570,-573,76724,80,52.095823992492576,59.56415202544184,-7.468328032949272,-4.3933054393305415,0.3263052208835271,223.0,-7.274316307171991,3.2288713434953875
2012,BAYBURT,3664,4085,-421,75797,80,48.339644049236774,53.89395358655356,-5.55430953731678,-10.612691466083145,-8.331248436327243,152.0,-9.519481510399663,1.914018495632492
2013,BAYBURT,4787,4677,110,75620,80,63.30335889976196,61.84871727056334,1.4546416291986246,14.49204406364748,30.649563318777282,531.0,14.760029937745145,7.008951166515405
2014,BAYBURT,8912,5583,3329,80607,80,110.56111752081085,69.26197476645949,41.29914275435136,19.371391917896098,86.1708794652183,3219.0,11.986113573651203,39.84450112515273
2015,BAYBURT,7150,9281,-2131,78550,80,91.0248249522597,118.15404201145766,-27.129217059197963,66.2367902561347,-19.771095152603234,-5460.0,70.59005667951939,-68.42835981354932
2016,BAYBURT,16981,6653,10328,90154,80,188.3554806220467,73.79594915367038,114.55953146837633,-28.315914233380024,137.4965034965035,12459.0,-37.54259448312888,141.6887485275743
2017,BAYBURT,5648,15820,-10172,80417,80,70.23390576619371,196.72457316239104,-126.49066739619732,137.78746430181874,-66.73929686119781,-20500.0,166.57909467732156,-241.05019886457364
2018,BAYBURT,9450,7772,1678,82274,80,114.86010161168778,94.46483700804629,20.39526460364149,-50.87231352718078,67.3158640226629,11850.0,-51.98117068472783,146.88593199983882
2019,BAYBURT,9131,7882,1249,84843,80,107.62231415673656,92.90100538641963,14.721308770316938,1.4153371075656285,-3.3756613756613763,-429.0,-1.655464267083273,-5.673955833324552
2020,BAYBURT,4427,7433,-3006,81910,80,54.047124893175436,90.74594066658527,-36.69881577340984,-5.696523724942903,-51.516810864089365,-4255.0,-2.319743161950094,-51.42012454372678
2021,BAYBURT,9019,6382,2637,85042,80,106.05347945720938,75.04527174807741,31.00820770913196,-14.139647517825916,103.72712898125141,5643.0,-17.301786507668215,67.7070234825418
2022,BAYBURT,7031,8232,-1201,84241,80,83.46292185515367,97.7196377061051,-14.256715850951437,28.987778125979325,-22.04235502827364,-3838.0,30.214249918561453,-45.264923560083396
2023,BAYBURT,10202,8309,1893,86047,80,118.56311085801946,96.56350599091195,21.99960486710751,0.9353741496598733,45.10027023183048,3094.0,-1.1831109307529952,36.256320718058944
2024,BAYBURT,5644,8639,-2995,83676,80,67.45064295616424,103.24346288063482,-35.79281992447058,3.971597063425203,-44.677514212899425,-4888.0,6.91768263918624,-57.792424791578085
2008,BOLU,10049,11032,-983,268882,80,37.373271546626405,41.02915033360359,-3.655878786977187,,,,,
2009,BOLU,12808,10124,2684,271545,80,47.16713620210278,37.28295494301129,9.884181259091495,-8.230601885424216,27.45546820579161,3667.0,-9.130570241236747,13.540060046068682
2010,BOLU,11874,11926,-52,271208,80,43.78189433940002,43.97362909648683,-0.19173475708681162,17.799288818648762,-7.292317301686446,-2736.0,17.945664885475267,-10.075916016178306
2011,BOLU,12545,11386,1159,276506,80,45.369720729387424,41.17812995016383,4.191590779223597,-4.527922186818712,5.651002189658083,1211.0,-6.357217277175653,4.383325536310409
2012,BOLU,13136,9677,3459,281080,80,46.73402590009962,34.42792087661876,12.306105023480859,-15.00966098717723,4.711040255081711,2300.0,-16.392704286752625,8.114514244257261
2013,BOLU,13138,12401,737,283496,80,46.342805542229875,43.7431215960719,2.5996839461579704,28.14921979952465,0.01522533495736944,-2722.0,27.057110863117593,-9.706421077322888
2014,BOLU,13264,13065,199,284789,80,46.57483259536007,45.876069651566596,0.6987629437934751,5.354406902669129,0.959050083726587,-538.0,4.876076461096068,-1.9009210023644951
2015,BOLU,14681,12401,2280,291095,80,50.43370720898676,42.601212662532845,7.832494546453907,-5.082280903176429,10.68305186972256,2081.0,-7.138486391503507,7.133731602660432
2016,BOLU,18528,11762,6766,299896,80,61.7814175580868,39.22026302451516,22.56115453357164,-5.1528102572373164,26.203937061508075,4486.0,-7.93627558163662,14.728659987117732
2017,BOLU,14839,13643,1196,303184,80,48.94387566626207,44.999076468415225,3.9447991978468524,15.992178200986217,-19.910405872193436,-5570.0,14.734254689439318,-18.616355335724787
2018,BOLU,18307,14827,3480,311810,80,58.712036175876335,47.55139347679677,11.160642699079567,8.678443157663263,23.370847092122116,2284.0,5.671931978810751,7.2158435012327145
2019,BOLU,15997,15068,929,316126,80,50.60324048006175,47.66453882312749,2.9387016569342603,1.6254130977271242,-12.618124214781234,-2551.0,0.2379432821162819,-8.221941042145307
2020,BOLU,11430,12565,-1135,314802,80,36.308536794556574,39.913977674855936,-3.6054408802993625,-16.61136182638705,-28.549102956804408,-2064.0,-16.260644369249356,-6.544142537233623
2021,BOLU,18470,14162,4308,320014,80,57.71622491515996,44.25431387376802,13.46191104139194,12.709908475925191,61.59230096237971,5443.0,10.874226152725196,17.0673519216913
2022,BOLU,15750,14224,1526,320824,80,49.092337231628555,44.33583522429743,4.756502007331122,0.4377912724191413,-14.726583649160796,-2782.0,0.1842110822505294,-8.705409034060818
2023,BOLU,18099,15105,2994,324789,80,55.725409419653985,46.507116928221095,9.2182924914329,6.193757030371194,14.914285714285725,1468.0,4.897351528259319,4.461790484101778
2024,BOLU,13869,13362,507,326409,80,42.489637234267434,40.93637123976361,1.553265994503828,-11.539225422045686,-23.371456986573847,-2487.0,-11.978264954706507,-7.665026496929071
2008,BURDUR,9674,10019,-345,247437,80,39.09682060484083,40.49111491005791,-1.3942943052170855,,,,,
2009,BURDUR,8144,8659,-515,251550,80,32.375273305505864,34.422580003975355,-2.047306698469489,-13.574209002894499,-15.815588174488315,-170.0,-14.987324798446444,-0.6530123932524037
2010,BURDUR,9439,8904,535,258868,80,36.46259869895082,34.39590833938532,2.066690359565493,2.829426030719473,15.901277013752457,1050.0,-0.077483049169913,4.1139970580349825
2011,BURDUR,8873,9712,-839,250527,80,35.417340246759835,38.76628068032587,-3.348940433566043,9.074573225516612,-5.9963979235088445,-1374.0,12.706082065977075,-5.415630793131536
2012,BURDUR,11473,8497,2976,254341,80,45.108731977935136,33.407905135231836,11.7008268427033,-12.510296540362443,29.30237800067621,3815.0,-13.822258548041322,15.049767276269343
2013,BURDUR,11156,10001,1155,257267,80,43.36350950568865,38.87401026948657,4.489499236202078,17.70036483464752,-2.763008803277256,-1821.0,16.36171173298202,-7.211327606501222
2014,BURDUR,10235,12271,-2036,256898,80,39.84071499194233,47.76603943977766,-7.925324447835327,22.6977302269773,-8.255647185371096,-3191.0,22.873969288603924,-12.414823684037405
2015,BURDUR,12537,12247,290,258339,80,48.52925806788754,47.406702046535756,1.1225560213517898,-0.1955830820633997,22.49145090376161,2326.0,-0.7522863470707963,9.047880469187117
2016,BURDUR,12337,11059,1278,261401,80,47.1956878512324,42.306647640980714,4.889040210251682,-9.700334775863473,-1.5952779771875258,988.0,-10.758087328134923,3.7664841888998923
2017,BURDUR,12745,11786,959,264779,80,48.13448196420411,44.51259352138954,3.6218884428145737,6.573831268649966,3.307124908810888,-319.0,5.214182648383647,-1.2671517674371087
2018,BURDUR,15417,12537,2880,269926,80,57.11565391996324,46.446062995043086,10.669590924920163,6.371966740200241,20.965084346802666,1921.0,4.343645967796639,7.047702482105589
2019,BURDUR,12134,13603,-1469,270796,80,44.80863823690158,50.23338601751872,-5.424747780617143,8.502831618409502,-21.294674709736007,-4349.0,8.154239085624603,-16.094338705537307
2020,BURDUR,9201,11422,-2221,267092,80,34.448804157369,42.764290955925304,-8.315486798556304,-16.033227964419616,-24.17174880501072,-752.0,-14.86878678452731,-2.8907390179391603
2021,BURDUR,15859,11489,4370,273716,80,57.939616244574665,41.9741630010668,15.965453243507872,0.5865872876904321,72.36169981523747,6591.0,-1.8476348775964602,24.280940042064174
2022,BURDUR,14684,13187,1497,273799,80,53.63058301892994,48.163068528373,5.467514490556941,14.779354164853341,-7.409042184248693,-2873.0,14.744559712004058,-10.49793875295093
2023,BURDUR,18013,14536,3477,277452,80,64.92294162593889,52.39104421665729,12.531897409281605,10.229771744900273,22.670934350313267,1980.0,8.778459964181007,7.064382918724664
2024,BURDUR,11746,13550,-1804,275826,80,42.58481796494892,49.125173116384964,-6.54035515143605,-6.783159053384702,-34.791539443735076,-5281.0,-6.233643839520897,-19.072252560717654
2008,BURSA,82964,47370,35594,2507963,80,33.08023284235055,18.887838456946934,14.192394385403613,,,,,
2009,BURSA,66615,56368,10247,2550645,80,26.116923366442606,22.09950816362136,4.0174152028212475,18.995144606290904,-19.706137601851403,-25347.0,17.00390287642033,-10.174979182582366
2010,BURSA,72640,57220,15420,2605495,80,27.879539204642494,21.961277991322184,5.918261213320309,1.5114958841896176,9.04450949485851,5173.0,-0.6254898130571007,1.9008460104990617
2011,BURSA,74243,58258,15985,2652126,80,27.99376801856322,21.966527985472787,6.027240033090433,1.8140510311080105,2.206773127753303,565.0,0.023905685965441847,0.10897881977012425
2012,BURSA,67736,61520,6216,2688171,80,25.197801776747088,22.885448879554165,2.312352897192924,5.59923100690034,-8.764462642942771,-9769.0,4.18327782473904,-3.7148871358975093
2013,BURSA,75518,61744,13774,2740970,80,27.551560214084795,22.52633191899218,5.025228295092613,0.3641092327698381,11.48872091649935,7558.0,-1.5691934313895817,2.7128753978996887
2014,BURSA,80717,65027,15690,2787539,80,28.956366171020385,23.327745369661194,5.628620801359192,5.317115833117381,6.88445138907281,1916.0,3.5576739859423556,0.6033925062665793
2015,BURSA,84253,64558,19695,2842547,80,29.639967254719096,22.711321923612875,6.928645331106223,-0.7212388700078454,4.380737638911247,4005.0,-2.6424475931137614,1.3000245297470308
2016,BURSA,84458,63812,20646,2901396,80,29.109435595830423,21.993550690770928,7.115884905059495,-1.1555500480188385,0.2433147781087941,951.0,-3.1604115130598465,0.1872395739532724
2017,BURSA,86119,64905,21214,2936803,80,29.324064297128544,22.10056309531147,7.223501201817078,1.7128439791888717,1.966657983849962,568.0,0.4865626566857406,0.10761629675758311
2018,BURSA,80940,80086,854,2994521,80,27.029364629601865,26.74417711547189,0.28518751412997273,23.389569370618602,-6.013771641565735,-20360.0,21.011292789845438,-6.938313687687105
2019,BURSA,85596,68356,17240,3056120,80,28.0080625106344,22.3669227648129,5.641139745821499,-14.646754738655943,5.752409191994068,16386.0,-16.367130429025924,5.355952231691526
2020,BURSA,77039,53940,23099,3101833,80,24.836604678588433,17.389717628254004,7.446887050334431,-21.089589794604713,-9.996962474881999,5859.0,-22.252525252999554,1.8057473045129324
2021,BURSA,92019,76678,15341,3147818,80,29.23263034902272,24.359095729168587,4.873534619854134,42.1542454579162,19.444696841859322,-7758.0,40.07758061344862,-2.5733524304802975
2022,BURSA,90863,70447,20416,3194720,80,28.441616166675015,22.05107176841789,6.390544398257124,-8.126190041472125,-1.2562622936567402,5075.0,-9.474998523803869,1.5170097784029908
2023,BURSA,95935,89763,6172,3214571,80,29.843795641782375,27.923788275325073,1.920007366457297,27.41919457180575,5.582030089255263,-14244.0,26.632340453030668,-4.470537031799827
2024,BURSA,81656,66440,15216,3238618,80,25.21322366515594,20.514923340758312,4.698300324397629,-25.98286599155554,-14.884036066086415,9044.0,-26.532449184603024,2.7782929579403324
2008,BİLECİK,8206,8793,-587,193169,80,42.4809363821317,45.51972625007118,-3.0387898679394727,,,,,
2009,BİLECİK,8283,8251,32,202061,80,40.99257155017545,40.83420353259659,0.15836801757884997,-6.163994086204938,0.9383378016085686,619.0,-10.293389489501303,3.1971578855183225
2010,BİLECİK,8876,8690,186,225381,80,39.382201694020345,38.55693248321731,0.8252692108030402,5.320567203975268,7.159241820596396,154.0,-5.5768714762892575,0.6669011932241902
2011,BİLECİK,9250,8914,336,203849,80,45.37672492874628,43.72844605565884,1.6482788730874325,2.5776754890678877,4.213609734114465,150.0,13.412668589993615,0.8230096622843923
2012,BİLECİK,10387,8118,2269,204116,80,50.88773050618276,39.77150247898254,11.11622802720022,-8.929773390172757,12.291891891891883,1933.0,-9.048900506639978,9.467949154112787
2013,BİLECİK,10231,9202,1029,208888,80,48.97839990808472,44.05231511623454,4.926084791850178,13.353042621335298,-1.5018773466833557,-1240.0,10.763517519898102,-6.1901432353500425
2014,BİLECİK,10090,10114,-24,209925,80,48.06478504227701,48.179111587471716,-0.1143265451947124,9.910888937187568,-1.378164402306714,-1053.0,9.367944591217036,-5.04041133704489
2015,BİLECİK,10890,9806,1084,212361,80,51.280602370491756,46.17608694628486,5.104515424206893,-3.0452837650781106,7.9286422200198325,1108.0,-4.157454496748569,5.2188419694016055
2016,BİLECİK,11031,9911,1120,218297,80,50.53207327631621,45.40144848532046,5.130624790995753,1.0707729961248136,1.294765840220391,36.0,-1.677574935843995,0.026109366788860555
2017,BİLECİK,11744,9359,2385,221693,80,52.97415795717502,42.216037493290266,10.75812046388474,-5.569569165573607,6.463602574562599,1265.0,-7.016099922583141,5.627495672888987
2018,BİLECİK,11956,12597,-641,223448,80,53.50685618130393,56.37553256238588,-2.868676381081952,34.597713430922106,1.805177111716616,-3026.0,33.54055925155481,-13.626796844966693
2019,BİLECİK,10565,10582,-17,219427,80,48.14813126916925,48.225605782333076,-0.07747451316383125,-15.995872033023739,-11.634325861492133,624.0,-14.456496301891232,2.7912018679181205
2020,BİLECİK,8297,8439,-142,218717,80,37.93486560258233,38.58410640233727,-0.6492407997549344,-20.251370251370247,-21.467108376715572,-125.0,-19.992489930583446,-0.5717662865911032
2021,BİLECİK,11974,8855,3119,228334,80,52.44072280080934,38.7809086688798,13.659814131929542,4.929494015878655,44.31722309268411,3261.0,0.5100604494772343,14.309054931684477
2022,BİLECİK,12078,9453,2625,228673,80,52.8177790994127,41.338505201750976,11.479273897661725,6.7532467532467555,0.86854852179723,-494.0,6.594988670091539,-2.1805402342678164
2023,BİLECİK,13762,11323,2439,228058,80,60.3442983802366,49.64965052749739,10.694647852739216,19.782079763038183,13.94270574598444,-186.0,20.105093992112664,-0.7846260449225095
2024,BİLECİK,10023,10038,-15,228495,80,43.86529245716536,43.9309394078645,-0.06564695069914002,-11.348582531131324,-27.169016131376257,-2454.0,-11.51812965222324,-10.760294803438356
2008,BİNGÖL,8977,10192,-1215,256091,80,35.053945667750924,39.79835292923219,-4.74440726148127,,,,,
2009,BİNGÖL,6986,10726,-3740,255745,80,27.316272067880114,41.94021388492444,-14.62394181704432,5.239403453689162,-22.178901637518102,-2525.0,5.3817829082043245,-9.879534555563051
2010,BİNGÖL,8453,10448,-1995,255170,80,33.12693498452012,40.94525218481797,-7.818317200297841,-2.5918329293305953,20.999141139421695,1745.0,-2.372333395429138,6.80562461674648
2011,BİNGÖL,9292,10782,-1490,262263,80,35.43008354209324,41.111403438533074,-5.681319896439834,3.1967840735068975,9.925470247249502,505.0,0.4057888151845601,2.1369973038580072
2012,BİNGÖL,7569,11145,-3576,262507,80,28.833516820503835,42.45601069685761,-13.622493876353774,3.366722314969395,-18.54283254412398,-2086.0,3.2706430475790027,-7.94117397991394
2013,BİNGÖL,10968,10940,28,265514,80,41.308556234322864,41.20310040148542,0.10545583283743984,-1.8393898609241788,44.9068569163694,3604.0,-2.9510787160813567,13.727949709191213
2014,BİNGÖL,9400,12852,-3452,266019,80,35.335821877384696,48.31233859235619,-12.976516714971487,17.477148080438766,-14.296134208606858,-3480.0,17.2541340860225,-13.081972547808926
2015,BİNGÖL,9906,13122,-3216,267184,80,37.075573387628,49.1122222887598,-12.036648901131805,2.1008403361344463,5.3829787234042525,236.0,1.6556509573108613,0.9398678138396814
2016,BİNGÖL,10304,11205,-901,269560,80,38.225255972696246,41.56774002077459,-3.34248404807835,-14.609053497942382,4.017767009893003,2315.0,-15.361720395437894,8.694164853053454
2017,BİNGÖL,11979,11941,38,273354,80,43.82229636295792,43.68328248351954,0.13901387943838395,6.568496207050423,16.255822981366453,939.0,5.089385330276919,3.4814979275167337
2018,BİNGÖL,15770,12216,3554,281205,80,56.08008392453904,43.44161732543874,12.6384665991003,2.3029896993551624,31.6470490024209,3516.0,-0.5532211508417983,12.499452719661916
2019,BİNGÖL,11266,14879,-3613,279812,80,40.262747844981625,53.17498892113276,-12.91224107615113,21.799279633267844,-28.560558021559924,-7167.0,22.405638175893383,-25.55070767525143
2020,BİNGÖL,9497,10633,-1136,281768,80,33.70503392862213,37.736719570710655,-4.031685642088527,-28.536864036561592,-15.702112551038528,2477.0,-29.032952641174205,8.880555434062604
2021,BİNGÖL,12027,13376,-1349,283112,80,42.48142078046851,47.24631947780384,-4.7648986973353304,25.797046929370836,26.639991576287247,-213.0,25.19985842774224,-0.7332130552468037
2022,BİNGÖL,11900,14926,-3026,282556,80,42.115545237050355,52.824926740186015,-10.709381503135662,11.587918660287077,-1.0559574291178153,-1677.0,11.807495957442748,-5.944482805800331
2023,BİNGÖL,15784,14325,1459,285655,80,55.25546550909314,50.14790569043077,5.107559818662373,-4.026530885702806,32.63865546218487,4485.0,-5.067723165849147,15.816941321798033
2024,BİNGÖL,10029,13794,-3765,283276,80,35.40363461782855,48.69455936966068,-13.290924751832135,-3.706806282722508,-36.46097313735428,-5224.0,-2.898119673714339,-18.398484570494507
2008,BİTLİS,11721,20957,-9236,326897,80,35.85533057813317,64.10887833170693,-28.253547753573756,,,,,
2009,BİTLİS,11594,16485,-4891,328489,80,35.2949413831209,50.18432885119441,-14.889387468073513,-21.33893209905998,-1.0835252964764064,4345.0,-21.72015771117576,13.364160285500242
2010,BİTLİS,10800,15347,-4547,328767,80,32.850012318754615,46.680475838511775,-13.830463519757153,-6.903245374582956,-6.848369846472313,344.0,-6.981966468202039,1.0589239483163606
2011,BİTLİS,11419,16610,-5191,336624,80,33.922120823233044,49.34288701934503,-15.420766196111984,8.229621424382616,5.731481481481482,-644.0,5.703479094865482,-1.5903026763548311
2012,BİTLİS,10998,16886,-5888,337253,80,32.6105327454463,50.069235855574306,-17.458703110128006,1.6616496086694799,-3.686837726596026,-697.0,1.4720436522988711,-2.037936914016022
2013,BİTLİS,11314,16174,-4860,337156,80,33.55716641554651,47.97185872415143,-14.41469230860492,-4.216510718938771,2.873249681760326,1028.0,-4.188953746913171,3.0440108015230862
2014,BİTLİS,11447,17470,-6023,338023,80,33.864559512222534,51.68287365060958,-17.818314138387034,8.012860145913203,1.1755347357256474,-1163.0,7.735816424786224,-3.4036218297821144
2015,BİTLİS,11936,18801,-6865,340449,80,35.05958307999142,55.22413048650459,-20.164547406513165,7.618775042930737,4.271861623132689,-842.0,6.851896161647053,-2.346233268126131
2016,BİTLİS,12571,18074,-5503,341225,80,36.8407941973771,52.96798300241775,-16.127188805040664,-3.866815594915163,5.320040214477206,1362.0,-4.085437768256373,4.037358601472501
2017,BİTLİS,12989,19097,-6108,341474,80,38.03803510662598,55.92519489038697,-17.88715978376099,5.660064180590907,3.3251133561371438,-605.0,5.583017740800567,-1.7599709787203253
2018,BİTLİS,17602,17398,204,349396,80,50.37836723946468,49.79450251290799,0.5838647265566863,-8.896685343247634,35.51466625606283,6312.0,-10.962308472049308,18.471024510317676
2019,BİTLİS,12385,19050,-6665,348115,80,35.57732358559671,54.72329546270629,-19.145971877109577,9.495344292447406,-29.63867742302011,-6869.0,9.898267280651375,-19.729836603666264
2020,BİTLİS,12050,14223,-2173,350994,80,34.33107118640204,40.52206020615737,-6.190989019755324,-25.338582677165356,-2.7048849414614495,4492.0,-25.950986936134,12.954982857354253
2021,BİTLİS,14158,18814,-4656,352277,80,40.189964147531626,53.406836097729915,-13.21687195019828,32.278703508401875,17.493775933609967,-2483.0,31.796941779417942,-7.025882930442957
2022,BİTLİS,15111,19885,-4774,353988,80,42.68788772500763,56.17422059504842,-13.486332870040792,5.692569363240141,6.731176719875687,-118.0,5.181704627202466,-0.26946091984251197
2023,BİTLİS,19286,19795,-509,359747,80,53.609898067252814,55.02478130463909,-1.4148832373862743,-0.4526024641689719,27.628879624114887,4265.0,-2.0462042521167567,12.071449632654518
2024,BİTLİS,13700,18195,-4495,359808,80,38.07586268231946,50.56863660618997,-12.492773923870509,-8.082849204344534,-28.964015347920768,-3986.0,-8.09843236591552,-11.077890686484235
2008,DENİZLİ,22721,22120,601,917836,80,24.754967118308716,24.100166042735303,0.6548010755734139,,,,,
2009,DENİZLİ,20119,21706,-1587,926362,80,21.718291553410005,23.43144472679147,-1.7131531733814642,-1.8716094032549702,-11.451960741164557,-2188.0,-2.7747581272180133,-2.367954248954878
2010,DENİZLİ,21863,23468,-1605,931823,80,23.4626103884536,25.185040506619817,-1.7224301181662183,8.117571178476002,8.668422883841153,-18.0,7.483942199361238,-0.009276944784754049
2011,DENİZLİ,23454,23853,-399,942278,80,24.890743496080773,25.314185410250477,-0.4234419141697036,1.6405317879665926,7.2771348854228535,1206.0,0.5127841807390121,1.2989882039965146
2012,DENİZLİ,24446,21992,2454,950557,80,25.71755297157351,23.135908735615015,2.581644235958496,-7.801953632666747,4.229555726102152,2853.0,-8.604964526148306,3.0050861501281996
2013,DENİZLİ,27088,24039,3049,963464,80,28.115217589863242,24.950594936603757,3.1646226532594888,9.307930156420507,10.807494068559276,595.0,7.8435916294709696,0.5829784173009926
2014,DENİZLİ,28279,24771,3508,978700,80,28.89445182384796,25.310105241647083,3.5843465822008787,3.045051790839892,4.396780862374494,459.0,1.440888708092114,0.4197239289413899
2015,DENİZLİ,30185,24961,5224,993442,80,30.384259976928696,25.125774831343954,5.2584851455847454,0.7670259577732041,6.7399837335125,1716.0,-0.7282878065628107,1.6741385633838668
2016,DENİZLİ,28170,24794,3376,1005687,80,28.01070313129234,24.653793874237213,3.3569092570551278,-0.6690437081847689,-6.675501076693724,-1848.0,-1.878473242218004,-1.9015758885296177
2017,DENİZLİ,28855,25466,3389,1018735,80,28.324343425915476,24.997668677330218,3.3266747485852552,2.710333145115751,2.431664891728791,13.0,1.3948149515939035,-0.030234508469872523
2018,DENİZLİ,28047,28906,-859,1027782,80,27.288860867382382,28.124641217690133,-0.8357803503077501,13.508207021126207,-2.80020793623289,-4248.0,12.509056667335106,-4.162455098893005
2019,DENİZLİ,26235,27146,-911,1037208,80,25.293865839831547,26.172185328304447,-0.8783194884729003,-6.088701307686984,-6.460584019681248,-52.0,-6.94215394348785,-0.0425391381651502
2020,DENİZLİ,22534,21370,1164,1040915,80,21.648261385415715,20.530014458433204,1.1182469269825106,-21.277536285272237,-14.107108824089954,2075.0,-21.557889794435326,1.996566415455411
2021,DENİZLİ,30589,27480,3109,1051056,80,29.103111537349104,26.145134036626022,2.9579775007230826,28.591483387927006,35.745983846631745,1945.0,27.350782385281125,1.839730573740572
2022,DENİZLİ,29528,26478,3050,1056332,80,27.95333285368615,25.0659830432099,2.887349810476252,-3.646288209606985,-3.468567131975542,-59.0,-4.127540489577786,-0.0706276902468308
2023,DENİZLİ,32655,29994,2661,1059082,80,30.833306580604713,28.32075325612181,2.5125533244829015,13.27894856106957,10.589948523435378,-389.0,12.984809761106074,-0.37479648599335036
2024,DENİZLİ,25866,24816,1050,1061371,80,24.370366252705228,23.381079754393138,0.9892864983120889,-17.263452690538106,-20.79007808911346,-1611.0,-17.441886015729168,-1.5232668261708127
2008,DÜZCE,10723,8913,1810,328611,80,32.63128744929415,27.12325515579211,5.508032293502043,,,,,
2009,DÜZCE,11752,9046,2706,335156,80,35.064268579407795,26.990416403107808,8.073852176299992,1.4922024009873303,9.596195094656345,896.0,-0.48975962479906876,2.565819882797949
2010,DÜZCE,11820,10893,927,338188,80,34.9509740144535,32.20989508793926,2.7410789265142466,20.417864249392004,0.5786249149080991,-1779.0,19.338266616110644,-5.332773249785745
2011,DÜZCE,11253,10679,574,342146,80,32.88946823870511,31.211821853828482,1.6776463848766314,-1.9645643991554218,-4.796954314720814,-353.0,-3.0986540980212585,-1.0634325416376151
2012,DÜZCE,10432,10579,-147,346493,80,30.107390336889924,30.531641331859518,-0.42425099496959534,-0.9364172675344173,-7.295832222518439,-721.0,-2.1792400493453767,-2.1018973798462266
2013,DÜZCE,12367,11306,1061,351509,80,35.182598454093636,32.16418356286752,3.0184148912261137,6.872105113904903,18.54869631901841,1208.0,5.347050337920933,3.442665886195709
2014,DÜZCE,11980,12249,-269,355549,80,33.69437123996974,34.45094768934803,-0.7565764493782855,8.340704050946401,-3.129295706315194,-1330.0,7.109660103794768,-3.7749913406043993
2015,DÜZCE,13434,12088,1346,360388,80,37.2764908931485,33.5416273571817,3.7348635359667917,-1.3143930116744196,12.136894824707856,1615.0,-2.6394639136370635,4.491439985345077
2016,DÜZCE,15958,11119,4839,370371,80,43.086526752904525,30.02124896387676,13.065277789027759,-8.016214427531432,18.788149471490257,3493.0,-10.495550367359208,9.330414253060967
2017,DÜZCE,15023,11387,3636,377610,80,39.78443367495564,30.155451391647468,9.628982283308176,2.41028869502653,-5.859130216819153,-1203.0,0.4470247987756526,-3.436295505719583
2018,DÜZCE,17445,12790,4655,387844,80,44.979424717154316,32.97717639050752,12.002248326646797,12.321067884429615,16.121946348931647,1019.0,9.357263342579646,2.373266043338621
2019,DÜZCE,15454,14798,656,392166,80,39.40678182198354,37.734020797315424,1.6727610246681253,15.699765441751378,-11.413012324448268,-3999.0,14.424656466880403,-10.329487301978672
2020,DÜZCE,11757,10565,1192,395679,80,29.71347986625522,26.70093687054405,3.01254299571117,-28.605216921205567,-23.922609033260002,536.0,-29.239089006799713,1.3397819710430445
2021,DÜZCE,16828,14191,2637,400976,80,41.96759905829776,35.39114560472447,6.576453453573281,34.3208707998107,43.131751297099605,1445.0,32.546456239770706,3.5639104578621112
2022,DÜZCE,17049,15220,1829,405131,80,42.082684366291396,37.568095258077015,4.5145891082143805,7.251074624762177,1.3132873781792176,-808.0,6.151113834139177,-2.0618643453589005
2023,DÜZCE,19891,16124,3767,409865,80,48.53061373867005,39.33978261134764,9.190831127322411,5.9395532194481016,16.66959938999355,1938.0,4.715936065163473,4.676242019108031
2024,DÜZCE,15051,13450,1601,412344,80,36.50107677085152,32.618396290475914,3.8826804803756088,-16.58397419995038,-24.332612739429894,-2166.0,-17.085468893600154,-5.308150646946803
2008,DİYARBAKIR,31677,47777,-16100,1492828,80,21.219457298496543,32.004356831463504,-10.784899532966959,,,,,
2009,DİYARBAKIR,32384,43918,-11534,1515011,80,21.375422356669358,28.9885683998334,-7.613146043164043,-8.07710823199448,2.2319032736686006,4566.0,-9.423055890519505,3.1717534898029154
2010,DİYARBAKIR,34810,44858,-10048,1528958,80,22.767139450527747,29.338935405681518,-6.571795955153771,2.1403524750671643,7.491353754940722,1486.0,1.2086385261099286,1.0413500880102724
2011,DİYARBAKIR,36622,46834,-10212,1570943,80,23.312112533681997,29.81266665945232,-6.500554125770317,4.405011369209499,5.2054007469118035,-164.0,1.614684538550315,0.07124182938345403
2012,DİYARBAKIR,30789,47575,-16786,1592167,80,19.337795595562525,29.88065950368272,-10.542863908120191,1.5821838835034407,-15.927584512041937,-6574.0,0.2280669656528067,-4.042309782349874
2013,DİYARBAKIR,35466,47949,-12483,1607437,80,22.06369518680981,29.829473876736692,-7.765778689926884,0.7861271676300685,15.19049011010425,4303.0,-0.17130019148244857,2.7770852181933074
2014,DİYARBAKIR,36920,48019,-11099,1635048,80,22.58037684520577,29.368556764082765,-6.788179918877,0.1459884460572658,4.099701122201549,1384.0,-1.5451734568251552,0.9775987710498839
2015,DİYARBAKIR,36124,56025,-19901,1654196,80,21.837799148347596,33.86841704368769,-12.030617895340093,16.672567108852743,-2.1560130010834233,-8802.0,15.322034091604309,-5.242437976463093
2016,DİYARBAKIR,39177,55604,-16427,1673119,80,23.415549043433252,33.23373890321011,-9.81818985977686,-0.751450245426144,8.451445022699588,3474.0,-1.8739527733430683,2.2124280355632333
2017,DİYARBAKIR,40493,48983,-8490,1699901,80,23.820798975940363,28.815207473847007,-4.994408497906643,-11.907416732609166,3.359113765729882,7937.0,-13.295318478103313,4.823781361870217
2018,DİYARBAKIR,43836,50822,-6986,1732396,80,25.303683453436744,29.336248756058083,-4.03256530262134,3.754363758855117,8.255747907045663,1504.0,1.8082163131533102,0.9618431952853026
2019,DİYARBAKIR,42329,49730,-7401,1756353,80,24.100508269123576,28.314353663528916,-4.213845394405339,-2.148675770335684,-3.437813669130396,-415.0,-3.4833870581975512,-0.1812800917839983
2020,DİYARBAKIR,39101,42992,-3891,1783431,80,21.924593662440543,24.106343334841664,-2.1817496724011187,-13.549165493665793,-7.625977462259915,3510.0,-14.861756615364651,2.03209572200422
2021,DİYARBAKIR,40414,60761,-20347,1791373,80,22.56034896138325,33.91867578667313,-11.358326825289875,41.33094529214738,3.3579703843891417,-16456.0,40.704358664175274,-9.176577152888758
2022,DİYARBAKIR,45963,59751,-13788,1804880,80,25.465958955720048,33.1052479943265,-7.639289038606445,-1.6622504567074259,13.730390458751906,6559.0,-2.3981708409331004,3.7190377866834305
2023,DİYARBAKIR,49440,63878,-14438,1818133,80,27.192730124803848,35.133843343693776,-7.941113218889926,6.906997372428902,7.564780366816781,-650.0,6.127715308808246,-0.30182418028348135
2024,DİYARBAKIR,43561,50981,-7420,1833684,80,23.75600157933428,27.80250032175664,-4.046498742422359,-20.1900497823977,-11.891181229773462,7018.0,-20.866897339465286,3.8946144764675674
2008,EDİRNE,11202,14249,-3047,394644,80,28.385076169915163,36.105958788173645,-7.720882618258481,,,,,
2009,EDİRNE,15183,12910,2273,395463,80,38.39297228817867,32.64527907794155,5.747693210237114,-9.397150677240507,35.5382967327263,5320.0,-9.584788290861345,13.468575828495595
2010,EDİRNE,14019,14830,-811,390428,80,35.90674849139918,37.98395606872458,-2.077207577325397,14.872192099147941,-7.666469077257454,-3084.0,16.353595807947553,-7.824900787562511
2011,EDİRNE,14494,14588,-94,399316,80,36.297067986256494,36.53247052459706,-0.23540253834056238,-1.6318273769386327,3.3882587916399087,717.0,-3.8213121916562343,1.8418050389848344
2012,EDİRNE,14813,13675,1138,399708,80,37.05955347403605,34.21247510682798,2.847078367208062,-6.2585686865917145,2.20091072167794,1232.0,-6.350502400890301,3.0824809055486244
2013,EDİRNE,16255,17000,-745,398582,80,40.78207244682399,42.651198498677815,-1.8691260518538217,24.314442413162695,9.734692499831233,-1883.0,24.66563253754672,-4.716204419061883
2014,EDİRNE,16431,17108,-677,400280,80,41.04876586389528,42.74008194264015,-1.6913160787448787,0.6352941176470672,1.082743771147343,68.0,0.20839612271410513,0.1778099731089431
2015,EDİRNE,18779,17458,1321,402537,80,46.65161214993901,43.36992624280501,3.281685907134003,2.0458265139116305,14.29006146917413,1998.0,1.4736618919218403,4.973001985878882
2016,EDİRNE,16623,17190,-567,401701,80,41.38152506466252,42.79302267109118,-1.4114976064286622,-1.535112842249975,-11.48090952659886,-1888.0,-1.3301926512027107,-4.693183513562666
2017,EDİRNE,19125,15999,3126,406855,80,47.006918926890414,39.32359194307555,7.683326983814872,-6.928446771378704,15.05143475906876,3693.0,-8.10746825406985,9.094824590243535
2018,EDİRNE,18792,17162,1630,411528,80,45.663964541902374,41.70311619136487,3.960848350537509,7.26920432527034,-1.7411764705882349,-1496.0,6.051136558770875,-3.722478633277363
2019,EDİRNE,16864,16761,103,413903,80,40.74384578029152,40.49499520419035,0.2488505761011638,-2.3365575107796244,-10.259684972328653,-1527.0,-2.89695614502945,-3.7119977744363455
2020,EDİRNE,12252,14264,-2012,407763,80,30.046865458611986,34.981104219853194,-4.934238761241211,-14.897679136089737,-27.348197343453506,-2115.0,-13.616228268540675,-5.183089337342375
2021,EDİRNE,19443,15822,3621,412115,80,47.178578794753896,38.392196352959736,8.786382441794158,10.92260235558049,58.69245837414299,5633.0,9.75124201817108,13.72062120303537
2022,EDİRNE,19699,16197,3502,414714,80,47.500204960527014,39.05583124755856,8.444373712968455,2.3701175578308753,1.3166692382862832,-119.0,1.7285671507242695,-0.34200872882570366
2023,EDİRNE,22281,17181,5100,419913,80,53.0609912053211,40.91561823520586,12.145372970115238,6.075199110946472,13.107264328138491,1598.0,4.7618676347173094,3.7009992571467833
2024,EDİRNE,17332,16323,1009,421247,80,41.144506667109795,38.749237383292936,2.3952692838168583,-4.993888597869745,-22.211749921457745,-4091.0,-5.294752823871207,-9.75010368629838
2008,ELAZIĞ,15294,18813,-3519,547562,80,27.93108360331798,34.35775309462673,-6.426669491308747,,,,,
2009,ELAZIĞ,15900,18001,-2101,550667,80,28.87407453143188,32.689447524547504,-3.8153729931156213,-4.316164354435759,3.9623381718320916,1418.0,-4.855688803294111,2.6112964981931257
2010,ELAZIĞ,15551,19438,-3887,552646,80,28.13917046355171,35.17260597199654,-7.0334355084448275,7.9828898394533665,-2.19496855345912,-1786.0,7.596208059449028,-3.218062515329206
2011,ELAZIĞ,16862,20054,-3192,558556,80,30.18855763790918,35.903293492505675,-5.714735854596495,3.169050313818289,8.430326024049894,695.0,2.077433560342068,1.3186996538483324
2012,ELAZIĞ,17108,18344,-1236,562703,80,30.403250027101333,32.59979065332867,-2.196540626227335,-8.526977161663506,1.4589016723994819,1956.0,-9.201113652335458,3.51819522836916
2013,ELAZIĞ,21433,21303,130,568239,80,37.71828403189503,37.489507056009884,0.22877697588514692,16.130614914958574,25.28057049333645,1366.0,14.999226389761922,2.425317602112482
2014,ELAZIĞ,19724,24162,-4438,568753,80,34.67937751537135,42.48241327957831,-7.803035764206958,13.42064497958033,-7.9736854383427485,-4568.0,13.318143170324825,-8.031812740092105
2015,ELAZIĞ,22170,21699,471,574304,80,38.60324845378057,37.78312531342286,0.8201231403577199,-10.193692575117952,12.40113567227743,4909.0,-11.061725555065028,8.623158904564677
2016,ELAZIĞ,18990,20519,-1529,578789,80,32.80988408556486,35.451606716782806,-2.6417226312179394,-5.438038619291207,-14.343707713125841,-2000.0,-6.170793382758511,-3.461845771575659
2017,ELAZIĞ,20406,22054,-1648,583671,80,34.961476585268066,37.78498503437724,-2.823508449109173,7.480871387494514,7.456556082148502,-119.0,6.581869014387487,-0.1817858178912335
2018,ELAZIĞ,30152,24358,5794,595638,80,50.62135055184525,40.89396579801826,9.727384753826989,10.447084429128495,47.760462609036544,7442.0,8.2280852058362,12.550893202936162
2019,ELAZIĞ,20343,29248,-8905,591098,80,34.41561297788184,49.48079675451448,-15.06518377663264,20.07553986369981,-32.53183868400106,-14699.0,20.997794635296408,-24.79256853045963
2020,ELAZIĞ,15529,21166,-5637,587960,80,26.411660657187564,35.99904755425539,-9.587386897067828,-27.632658643326035,-23.664159661800134,3268.0,-27.24642706774736,5.477796879564812
2021,ELAZIĞ,20800,22429,-1629,588088,80,35.36885636163295,38.138849968032,-2.769993606399042,5.96711707455353,33.94294545688712,4008.0,5.944052854597448,6.817393290668786
2022,ELAZIĞ,21060,22271,-1211,591497,80,35.60457618550897,37.65192384745823,-2.047347661949258,-0.7044451379909944,1.2499999999999956,418.0,-1.2767194631770784,0.7226459444497841
2023,ELAZIĞ,35924,24456,11468,604411,80,59.43637690247199,40.462532945297156,18.973843957174836,9.810964931974308,70.57929724596393,12679.0,7.4647157718307655,21.021191619124092
2024,ELAZIĞ,20035,23315,-3280,603941,80,33.17377028550802,38.60476437267879,-5.430994087170767,-4.665521753352964,-44.22948446720854,-14748.0,-4.591330392316162,-24.404838044345603
2008,ERZURUM,18999,43585,-24586,774967,80,24.515882611775726,56.24110445993184,-31.725221848156114,,,,,
2009,ERZURUM,24830,33681,-8851,774207,80,32.07152609056751,43.50386912027403,-11.432343029706525,-22.723414018584375,30.691089004684446,15735.0,-22.647555488054593,20.292878818449587
2010,ERZURUM,23294,35711,-12417,769085,80,30.287939564547482,46.433099072274196,-16.145159507726714,6.0271369614916415,-6.186065243656868,-3566.0,6.733263066560347,-4.712816478020189
2011,ERZURUM,27719,33599,-5880,780847,80,35.49863161413183,43.02891603604803,-7.5302844219162015,-5.914144101257312,18.996308062161926,6537.0,-7.331371595351577,8.614875085810512
2012,ERZURUM,22551,33234,-10683,778195,80,28.978597909264387,42.706519574142725,-13.727921664878341,-1.086341855412365,-18.64425123561456,-4803.0,-0.7492553650089939,-6.19763724296214
2013,ERZURUM,23398,39997,-16599,766729,80,30.516649298513553,52.16575869701029,-21.649109398496734,20.34964193296023,3.7559310008425273,-5916.0,22.14940298856569,-7.9211877336183925
2014,ERZURUM,27994,45209,-17215,763320,80,36.674003039354396,59.22679872137505,-22.552795682020644,13.030977323299254,19.642704504658525,-616.0,13.535775575271058,-0.9036862835239106
2015,ERZURUM,29624,41803,-12179,762321,80,38.86027014866441,54.83647964571355,-15.976209497049144,-7.533898117631443,5.822676287775952,5036.0,-7.41272391964859,6.5765861849715
2016,ERZURUM,26957,36340,-9383,762021,80,35.37566550003215,47.688974450835346,-12.313308950803194,-13.06844006411023,-9.002835538752363,2796.0,-13.03421598369674,3.6629005462459503
2017,ERZURUM,26624,37358,-10734,760476,80,35.00965184963102,49.124495710581265,-14.114843860950247,2.801320858558065,-1.2353006640204778,-1351.0,3.0101743144547166,-1.801534910147053
2018,ERZURUM,32501,35431,-2930,767848,80,42.32738771215136,46.14324710098874,-3.8158593888373744,-5.158199047058199,22.074068509615373,7804.0,-6.068761758200347,10.298984472112872
2019,ERZURUM,26819,40401,-13582,762062,80,35.192674611776994,53.015371452716444,-17.822696840939454,14.027264260111206,-17.482538998800035,-10652.0,14.893022887373819,-14.00683745210208
2020,ERZURUM,20405,30220,-9815,758279,80,26.909620337632983,39.85340488131677,-12.943784543683789,-25.1998712903146,-23.915880532458335,3767.0,-24.82669876818391,4.878912297255665
2021,ERZURUM,28554,36798,-8244,756893,80,37.72527953092445,48.617175743467044,-10.89189621254259,21.767041694242216,39.936290124969375,1571.0,21.990017887427026,2.051888331141198
2022,ERZURUM,26629,39159,-12530,749754,80,35.516982903725754,52.22913115501884,-16.71214825129309,6.416109571172357,-6.741612383553964,-4286.0,7.429381399303425,-5.8202520387505
2023,ERZURUM,34129,38115,-3986,749993,80,45.505758053741836,50.82047432442703,-5.314716270685193,-2.666053780740063,28.164782755642335,8544.0,-2.69707115443073,11.397431980607898
2024,ERZURUM,22614,34522,-11908,745005,80,30.3541586969215,46.337944040644025,-15.983785343722527,-9.42673488128034,-33.73963491458877,-7922.0,-8.820323586843159,-10.669069073037335
2008,ERZİNCAN,10977,11976,-999,210645,80,52.1113722139144,56.85394858648437,-4.742576372569964,,,,,
2009,ERZİNCAN,11966,11189,777,213288,80,56.10254679119313,52.459585161846896,3.642961629346236,-6.571476285905142,9.009747654186029,1776.0,-7.729214124772554,8.3855380019162
2010,ERZİNCAN,14198,12365,1833,224949,80,63.116528635379574,54.9680149722826,8.148513663096969,10.51032263830547,18.65284974093264,1056.0,4.781642482868986,4.505552033750733
2011,ERZİNCAN,11523,14218,-2695,215277,80,53.52638693404312,66.04514184051246,-12.518754906469338,14.985847149211473,-18.840681786167067,-4528.0,20.151949954560756,-20.667268569566307
2012,ERZİNCAN,12192,10649,1543,217886,80,55.95586682944292,48.87418191164187,7.081684917801052,-25.10198340132227,5.805779744858119,4238.0,-25.998823608154964,19.60043982427039
2013,ERZİNCAN,12662,12884,-222,219996,80,57.555591919853086,58.56470117638503,-1.009109256531937,20.987886186496386,3.8549868766404094,-1765.0,19.827481270709256,-8.09079417433299
2014,ERZİNCAN,15450,13641,1809,223633,80,69.08640495812335,60.997258901861535,8.089146056261821,5.875504501707551,22.018638445743164,2031.0,4.15362441302336,9.098255312793759
2015,ERZİNCAN,14062,16766,-2704,222918,80,63.081491849020715,75.21151275356857,-12.13002090454786,22.908877648266255,-8.983818770226538,-4513.0,23.30310264363902,-20.21916696080968
2016,ERZİNCAN,12666,12748,-82,226032,80,56.03631344234445,56.39909393360232,-0.362780491257875,-23.96516760109746,-9.927464087612003,2622.0,-25.012685068049844,11.767240413289986
2017,ERZİNCAN,15162,14210,952,231511,80,65.49148852538323,61.379372902367486,4.112115623015753,11.46846564166928,19.706300331596395,1034.0,8.830423720332025,4.474896114273628
2018,ERZİNCAN,19727,17511,2216,236034,80,83.57694230492217,74.18846437377665,9.388477931145513,23.23011963406052,30.108165149716392,1264.0,20.868723262754465,5.27636230812976
2019,ERZİNCAN,14496,17555,-3059,234747,80,61.75158787971731,74.78263832977632,-13.031050450058999,0.2512706298897882,-26.5169564556192,-5275.0,0.8008980385496356,-22.41952838120451
2020,ERZİNCAN,10907,10998,-91,234431,80,46.52541686039815,46.91359077937645,-0.3881739189782921,-37.35118199943036,-24.75855408388521,2968.0,-37.26673486364977,12.642876531080706
2021,ERZİNCAN,16049,13564,2485,237351,80,67.61715771157483,57.147431441198904,10.46972627037594,23.33151482087652,47.144035940221876,2576.0,21.814234407998722,10.857900189354233
2022,ERZİNCAN,15946,15542,404,239223,80,66.65747022652505,64.96866940051751,1.6888008260075327,14.582718961958129,-0.6417845348619888,-2081.0,13.686070855811195,-8.780925444368407
2023,ERZİNCAN,19786,19054,732,243399,80,81.29039149708913,78.28298390708261,3.0074075900065327,22.59683438424913,24.081274300765077,328.0,20.49343880584238,1.318606763999
2024,ERZİNCAN,12737,15638,-2901,241239,80,52.798262304187965,64.82368107975908,-12.025418775571113,-17.92799412196914,-35.62620034367735,-3633.0,-17.193139754737686,-15.032826365577646
2008,ESKİŞEHİR,31731,21970,9761,741739,80,42.779198612989205,29.619583168742643,13.15961544424656,,,,,
2009,ESKİŞEHİR,32346,23225,9121,755427,80,42.81816773824605,30.744201623717448,12.073966114528604,5.712335002275837,1.9381677224165728,-640.0,3.7968746844540657,-1.0856493297179561
2010,ESKİŞEHİR,31662,26780,4882,764584,80,41.41075408326619,35.0255825390016,6.385171544264594,15.306781485468246,-2.114635503617135,-4239.0,13.92581589102415,-5.68879457026401
2011,ESKİŞEHİR,35045,27908,7137,781247,80,44.857772253845454,35.72237717392835,9.135395079917107,4.212098581030621,10.684732486892813,2255.0,1.9893877115415792,2.7502235356525127
2012,ESKİŞEHİR,32363,25299,7064,789750,80,40.97879075656853,32.034188034188034,8.9446027223805,-9.34857388562419,-7.653017548865748,-73.0,-10.324590443079773,-0.19079235753660662
2013,ESKİŞEHİR,33893,28329,5564,799724,80,42.38087140063322,35.42347109752865,6.957400303104571,11.976757974623498,4.727621048728481,-1500.0,10.580205934120901,-1.9872024192759294
2014,ESKİŞEHİR,35927,27977,7950,812320,80,44.227644278117,34.44086074453418,9.786783533582824,-1.2425429771612095,6.001239193933849,2386.0,-2.7738962968623992,2.8293832304782534
2015,ESKİŞEHİR,36041,28298,7743,826716,80,43.5953822110616,34.22940889011463,9.365973320946976,1.14737105479501,0.3173101010382151,-207.0,-0.6139563583732688,-0.42081021263584795
2016,ESKİŞEHİR,36687,25785,10902,844842,80,43.42468769308344,30.520499691066494,12.904188002016944,-8.880486253445474,1.7924030964734605,3159.0,-10.835446241431468,3.5382146810699684
2017,ESKİŞEHİR,38060,27799,10261,860620,80,44.22393158420673,32.30113174223234,11.92279984197439,7.8107426798526225,3.7424700847711767,-641.0,5.834216573089224,-0.9813881600425542
2018,ESKİŞEHİR,35995,32946,3049,871187,80,41.31719137223122,37.817368716475336,3.4998226557558825,18.51505449836326,-5.425643720441409,-7212.0,17.077534676689822,-8.422977186218507
2019,ESKİŞEHİR,36757,29543,7214,887475,80,41.41750471844277,33.288825037325,8.128679681117779,-10.329023250166935,2.1169606889845705,4165.0,-11.97477199723167,4.628857025361897
2020,ESKİŞEHİR,25376,25533,-157,888828,80,28.549955671963527,28.726592771604857,-0.17663709964132543,-13.57343533155062,-30.96280980493511,-7371.0,-13.704996378228284,-8.305316780759105
2021,ESKİŞEHİR,36776,31532,5244,898369,80,40.93640809066208,35.099163038795865,5.837245051866215,23.495084792229658,44.92433795712485,5401.0,22.183522834946334,6.0138821515075405
2022,ESKİŞEHİR,37278,29766,7512,906617,80,41.117693579538,32.831945573489136,8.28574800604886,-5.600659647342388,1.3650206656515174,2268.0,-6.459463044177793,2.448502954182646
2023,ESKİŞEHİR,45072,34020,11052,915418,80,49.23652364275118,37.16335051309893,12.073173129652247,14.29147349324733,20.90777402221149,3540.0,13.192653873997905,3.787425123603386
2024,ESKİŞEHİR,35984,29165,6819,921630,80,39.04386792964639,31.645020235886417,7.3988476937599685,-14.271017048794832,-20.16329428470004,-4233.0,-14.84885028132078,-4.674325435892278
2008,GAZİANTEP,37184,36229,955,1612223,80,23.063806929934632,22.47145711232255,0.5923498176120797,,,,,
2009,GAZİANTEP,36075,34125,1950,1653670,80,21.815114261007334,20.63591889554748,1.179195365459856,-5.807502277181264,-2.982465576592086,995.0,-8.168309725534117,0.5868455478477762
2010,GAZİANTEP,40380,36327,4053,1700763,80,23.742285080284557,21.35923700127531,2.3830480790092445,6.4527472527472485,11.933471933471939,2103.0,3.5051412509859103,1.2038527135493886
2011,GAZİANTEP,45991,38634,7357,1753596,80,26.226679349177346,22.031300253878317,4.195379095299032,6.350648278140225,13.89549281822684,3304.0,3.1464759371454987,1.8123310162897872
2012,GAZİANTEP,41672,39410,2262,1799558,80,23.156797391359433,21.89982206741878,1.2569753239406565,2.008593466894437,-9.390967798047445,-5095.0,-0.5967790595400424,-2.9384037713583755
2013,GAZİANTEP,41978,42291,-313,1844438,80,22.759236146728703,22.928935534835,-0.16969938810629578,7.310327328089317,0.734306008830865,-2575.0,4.699186432876412,-1.4266747120469523
2014,GAZİANTEP,46438,44415,2023,1889466,80,24.577314436989077,23.50664155904367,1.0706728779454089,5.022345179825494,10.624612892467479,2336.0,2.519550126219272,1.2403722660517047
2015,GAZİANTEP,46435,48858,-2423,1931836,80,24.036719473081565,25.290966728024532,-1.2542472549429662,10.003377237419798,-0.006460226538607117,-4446.0,7.590727771549255,-2.324920132888375
2016,GAZİANTEP,45726,50003,-4277,1974244,80,23.161270845954196,25.327669730793154,-2.166398884838956,2.3435261369683547,-1.526865510929254,-1854.0,0.14512297281208397,-0.9121516298959897
2017,GAZİANTEP,47431,50485,-3054,2005515,80,23.650284340929886,25.173085217512707,-1.522800876582823,0.9639421634701995,3.7287320124218093,1223.0,-0.6103384753651686,0.643598008256133
2018,GAZİANTEP,44704,62206,-17502,2028563,80,22.03727466191585,30.665056988617067,-8.627782326701217,23.21679706843618,-5.749404397967572,-14448.0,21.816840183274966,-7.1049814501183945
2019,GAZİANTEP,52268,53517,-1249,2069364,80,25.258001975486188,25.8615690617987,-0.6035670863125095,-13.968105970485167,16.92018611309949,16253.0,-15.66436980241528,8.024215240388708
2020,GAZİANTEP,42040,41179,861,2101157,80,20.008024150503747,19.598249916593574,0.4097742339101742,-23.05435655959789,-19.56837835769496,2110.0,-24.21863549824964,1.0133413202226838
2021,GAZİANTEP,50203,57475,-7272,2130432,80,23.564704247776977,26.978096461187214,-3.413392213410238,39.573569052186784,19.41722169362512,-8133.0,37.655640559748264,-3.8231664473204123
2022,GAZİANTEP,50192,55699,-5507,2154051,80,23.301212459686422,25.857790739402176,-2.5565782797157546,-3.0900391474554145,-0.021911041172839596,1765.0,-4.152649255283059,0.8568139336944833
2023,GAZİANTEP,65524,73835,-8311,2164134,80,30.277237915951602,34.11757312624819,-3.84033521029659,32.560728199788144,30.546700669429395,-2804.0,31.943109409806357,-1.2837569305808354
2024,GAZİANTEP,56097,49330,6767,2193363,80,25.57579388363896,22.490577255110075,3.085216628528885,-33.188867068463466,-14.387094804956957,15078.0,-34.079199678458195,6.925551838825475
2008,GÜMÜŞHANE,9281,9073,208,131367,80,70.64940205683315,69.0660515959107,1.583350460922454,,,,,
2009,GÜMÜŞHANE,8681,10444,-1763,130976,80,66.2793183483997,79.7397996579526,-13.460481309552895,15.110768213380354,-6.4648206012283165,-1971.0,15.454406058263626,-15.043831770475348
2010,GÜMÜŞHANE,8848,10128,-1280,129618,80,68.26212408770387,78.13729574596121,-9.875171658257342,-3.025660666411334,1.9237415044349726,483.0,-2.009666338347227,3.585309651295553
2011,GÜMÜŞHANE,10426,8988,1438,132374,80,78.7616903621557,67.89852992279451,10.863160439361204,-11.255924170616115,17.834538878842675,2718.0,-13.103557943001787,20.738332097618546
2012,GÜMÜŞHANE,11166,9001,2165,135216,80,82.57898473553425,66.56756596852443,16.01141876700982,0.14463729417000248,7.097640514099357,727.0,-1.960224994242843,5.148258327648614
2013,GÜMÜŞHANE,16677,11162,5515,141412,80,117.93200011314457,78.9324809775691,38.99951913557548,24.00844350627709,49.35518538420205,3350.0,18.574984422430663,22.988100368565664
2014,GÜMÜŞHANE,18811,16071,2740,146353,80,128.53170075092413,109.80984332401796,18.72185742690618,43.97957355312667,12.79606643880793,-2775.0,39.118702420139996,-20.277661708669303
2015,GÜMÜŞHANE,20437,17737,2700,151449,80,134.94311616451742,117.11533255419316,17.827783610324268,10.366498662186551,8.64387858168094,-40.0,6.65285461579137,-0.894073816581912
2016,GÜMÜŞHANE,26681,18343,8338,172034,80,155.09143541392982,106.62427194624318,48.46716346768662,3.416586795963239,30.55242941723344,5638.0,-8.9578882449874,30.63937985736235
2017,GÜMÜŞHANE,18795,27348,-8553,170173,80,110.44642804675242,160.70704518343098,-50.260617136678555,49.092296788965825,-29.55661332034032,-16891.0,50.7227596962676,-98.72778060436517
2018,GÜMÜŞHANE,30333,22764,7569,162748,80,186.38017057045246,139.87268660751593,46.50748396293657,-16.761737604212378,61.38866719872307,16122.0,-12.964184956630065,96.76810109961512
2019,GÜMÜŞHANE,16158,25477,-9319,164521,80,98.2123862607205,154.85561113778786,-56.64322487706736,11.917940607977506,-46.73128276134902,-16888.0,10.7118300889681,-103.15070884000393
2020,GÜMÜŞHANE,7151,19116,-11965,141702,80,50.46506047903347,134.9028242367786,-84.43776375774513,-24.967617851395374,-55.743285060032186,-2646.0,-12.884768433257232,-27.79453888067777
2021,GÜMÜŞHANE,14114,11611,2503,150119,80,94.01874512886444,77.34530605719462,16.673439071669808,-39.26030550324335,97.37099706334777,14468.0,-42.66591044718251,101.11120282941494
2022,GÜMÜŞHANE,11496,15580,-4084,144544,80,79.5328758025238,107.78724817356652,-28.254372371042727,34.18310223064336,-18.548958480940914,-6587.0,39.35848685356673,-44.92781144271254
2023,GÜMÜŞHANE,24177,13873,10304,148539,80,162.76533435663362,93.39634708729693,69.36898726933667,-10.956354300385108,110.3079331941545,14388.0,-13.351209285069011,97.62335964037939
2024,GÜMÜŞHANE,12288,18526,-6238,142617,80,86.16083636593113,129.90036250937825,-43.73952614344714,33.539969725365815,-49.17483558754188,-16542.0,39.08505692193857,-113.10851341278381
2008,GİRESUN,20089,18539,1550,421766,80,47.630676725957045,43.955653134676574,3.675023591280473,,,,,
2009,GİRESUN,16970,19567,-2597,421860,80,40.226615464846155,46.382686199213005,-6.1560707343668515,5.545067155725758,-15.525909701826867,-4147.0,5.521549314942953,-9.831094325647324
2010,GİRESUN,17474,20514,-3040,419256,80,41.678592554429756,48.92953231438548,-7.250939759955731,4.839781264373699,2.9699469652327615,-443.0,5.490941391867232,-1.0948690255888796
2011,GİRESUN,17058,19346,-2288,419498,80,40.66288754654373,46.11702558772628,-5.454138041182556,-5.693672613824708,-2.3806798672313167,752.0,-5.748076046564443,1.7968017187731746
2012,GİRESUN,18027,17861,166,419555,80,42.96695308124084,42.57129577766919,0.3956573035716414,-7.676005375788275,5.6806190643686305,2454.0,-7.688548350353197,5.849795344754198
2013,GİRESUN,23453,20170,3283,425007,80,55.18262052154435,47.45804186754571,7.72457865399864,12.927607636750471,30.099295501192657,3117.0,11.478969574705467,7.328921350426999
2014,GİRESUN,26857,23620,3237,429984,80,62.460463645158896,54.93227654982511,7.528187095333779,17.104610808130882,14.514134652283284,-46.0,15.749142586075958,-0.19639155866486124
2015,GİRESUN,22308,26942,-4634,426686,80,52.28200597160441,63.142451357672854,-10.860445386068445,14.064352243861133,-16.937856052425815,-7871.0,14.945994092199854,-18.388632481402226
2016,GİRESUN,35376,20284,15092,444467,80,79.59196070799408,45.63668393829013,33.955276769703936,-24.712345037487935,58.579881656804744,19726.0,-27.7242442176035,44.81572215577238
2017,GİRESUN,25529,34675,-9146,437393,80,58.36627472318944,79.27653163173622,-20.910256908546774,70.94754486294616,-27.83525554047942,-24238.0,73.71229631612553,-54.86553367825071
2018,GİRESUN,40358,25953,14405,453912,80,88.91150707626149,57.17628086501348,31.735226211247998,-25.15356885364095,58.086881585647696,23551.0,-27.877418842420067,52.645483119794775
2019,GİRESUN,22595,30580,-7985,448400,80,50.390276538804635,68.19803746654772,-17.807760927743086,17.828382075289937,-44.013578472669614,-22390.0,19.276798761282343,-49.54298713899108
2020,GİRESUN,17654,17368,286,448721,80,39.34293246805922,38.70556537358403,0.6373670944751861,-43.20470896010464,-21.867669838459836,8271.0,-43.24533841231171,18.44512802221827
2021,GİRESUN,21392,19575,1817,450154,80,47.52151485935924,43.48511842613861,4.036396433220632,12.70727775218794,21.1736716891356,1531.0,12.348490472681629,3.3990293387454455
2022,GİRESUN,20947,20130,817,450862,80,46.45989238392235,44.647807976720145,1.8120844072022038,2.8352490421456045,-2.0802169035153306,-1000.0,2.673764250076527,-2.2243120260184277
2023,GİRESUN,35227,22520,12707,461712,80,76.29647919049104,48.77499393561354,27.5214852548775,11.872826626924994,68.17205327731895,11890.0,9.24387141479679,25.709400847675298
2024,GİRESUN,17348,22932,-5584,455922,80,38.050368264747036,50.29807730269652,-12.247709037949473,1.8294849023090531,-50.75368325432197,-18291.0,3.1226725913970688,-39.769194292826974
2008,HAKKARİ,7801,6981,820,258590,80,30.167446536989054,26.996403573224022,3.1710429637650335,,,,,
2009,HAKKARİ,4314,7949,-3635,256761,80,16.801617068012668,30.958751523790607,-14.15713445577794,13.86620827961611,-44.69939751313934,-4455.0,14.677317813164503,-17.328177419542975
2010,HAKKARİ,6013,9225,-3212,251302,80,23.927386172811996,36.70882046302855,-12.781434290216552,16.052333626871306,39.38340287436255,423.0,18.573323070923053,1.3757001655613887
2011,HAKKARİ,8775,9133,-358,272165,80,32.24147116638804,33.556849705142106,-1.3153785387540646,-0.9972899728997286,45.93381007816397,2854.0,-8.586412524643682,11.466055751462488
2012,HAKKARİ,5622,10137,-4515,279982,80,20.079862276860656,36.20589895064683,-16.12603667378617,10.993101938026939,-35.93162393162393,-4157.0,7.894213159999919,-14.810658135032106
2013,HAKKARİ,8007,10293,-2286,273041,80,29.325266168817137,37.69763515369487,-8.37236898487773,1.5389168393015629,42.42262540021344,2229.0,4.120146844251726,7.7536676889084415
2014,HAKKARİ,7187,10897,-3710,276287,80,26.012805524689906,39.44087126792068,-13.428065743230771,5.868065675701928,-10.241039090795557,-1424.0,4.624258543323889,-5.055696758353042
2015,HAKKARİ,8216,12983,-4767,278775,80,29.47179625145727,46.57160792754013,-17.09981167608286,19.142883362393313,14.317517740364538,-1057.0,18.07956170942717,-3.6717459328520903
2016,HAKKARİ,5945,16067,-10122,267813,80,22.19832495061853,59.99335357133522,-37.79502862071669,23.754140029269056,-27.641187925998057,-5355.0,28.819588245004834,-20.69521694463383
2017,HAKKARİ,9997,10380,-383,275761,80,36.25240697560569,37.64129082792708,-1.3888838523213942,-35.39553121304537,68.15811606391927,9739.0,-37.257565068154385,36.4061447683953
2018,HAKKARİ,12756,10156,2600,286470,80,44.52822285056027,35.45222885467937,9.075993995880895,-2.157996146435448,27.598279483845147,2983.0,-5.81558688636572,10.464877848202288
2019,HAKKARİ,6898,12719,-5821,280991,80,24.54882896605229,45.26479495784562,-20.715965991793333,25.236313509255616,-45.923486986516146,-8421.0,27.67827699462424,-29.791959987674225
2020,HAKKARİ,7227,8421,-1194,280514,80,25.763420007557553,30.019892055298488,-4.256472047740933,-33.79196477710512,4.769498405334871,4627.0,-33.67938133099789,16.4594939440524
2021,HAKKARİ,7886,13088,-5202,278218,80,28.344679352162693,47.04224744624719,-18.697568094084495,55.42097138107114,9.118583091185828,-4008.0,56.703586274036134,-14.441096046343564
2022,HAKKARİ,9783,13928,-4145,275333,80,35.53152001394675,50.58601765861702,-15.054497644670272,6.4180929095354555,24.055287851889418,1057.0,7.533165196707747,3.643070449414223
2023,HAKKARİ,14956,12732,2224,287625,80,51.99826162538027,44.26597131681877,7.732290308561495,-8.587018954623781,52.87744045793723,6369.0,-12.493662546139694,22.786787953231766
2024,HAKKARİ,8478,14112,-5634,282191,80,30.043481188273194,50.008682062858135,-19.965200874584944,10.838831291234685,-43.3137202460551,-7858.0,12.973194928758813,-27.69749118314644
2008,HATAY,29459,32624,-3165,1413287,80,20.84431541505724,23.083775623776344,-2.2394602087191067,,,,,
2009,HATAY,28547,32296,-3749,1448418,80,19.709089503168283,22.297430714061825,-2.5883412108935406,-1.0053948013732272,-3.095828100071285,-584.0,-3.4064830750849207,-0.34888100217443396
2010,HATAY,29752,33730,-3978,1480571,80,20.0949498538064,22.781751094679013,-2.686801240872609,4.440178350260093,4.221109048236249,-229.0,2.1720905284022374,-0.09846002997906833
2011,HATAY,29509,37164,-7655,1474223,80,20.016646056939827,25.209211903490857,-5.19256584655103,10.180847909872526,-0.8167518150040354,-3677.0,10.655286324231717,-2.5057646056784213
2012,HATAY,27260,35139,-7879,1483674,80,18.373308422200566,23.683774198375115,-5.31046577617455,-5.448821440103324,-7.621403639567593,-224.0,-6.051112232130141,-0.11789992962351992
2013,HATAY,29067,39315,-10248,1503066,80,19.338472162899034,26.156536040333556,-6.818063877434524,11.884231196106887,6.628760088041097,-2369.0,10.44074234641239,-1.5075981012599735
2014,HATAY,32678,39181,-6503,1519836,80,21.501004055700747,25.77975518411197,-4.278751128411224,-0.34083683072618776,12.423022671758343,3745.0,-1.4404845337340877,2.5393127490233
2015,HATAY,32868,41519,-8651,1533507,80,21.43322462825406,27.07454220945845,-5.64131758120439,5.967177968913506,0.5814309321255928,-2148.0,5.022495427514584,-1.3625664527931667
2016,HATAY,34195,37627,-3432,1555165,80,21.988020563734395,24.194860352438486,-2.2068397887040923,-9.374021532310506,4.037361567482045,5219.0,-10.636123908362716,3.434477792500298
2017,HATAY,33745,40623,-6878,1575226,80,21.422322892080246,25.78868048140394,-4.366357589323691,7.962367448906371,-1.3159818686942493,-3446.0,6.587432643746682,-2.1595178006195987
2018,HATAY,36499,42655,-6156,1609856,80,22.67221416076966,26.49615866263815,-3.82394450186849,5.002092410703307,8.161209068010077,722.0,2.7433671208744626,0.5424130874552011
2019,HATAY,35244,42067,-6823,1628894,80,21.63676703333673,25.82549877401476,-4.188731740678031,-1.3785019341226112,-3.438450368503243,-667.0,-2.5311589395374368,-0.3647872388095408
2020,HATAY,35160,29265,5895,1659320,80,21.189402887929997,17.636742762095317,3.552660125834679,-30.432405448451284,-0.23833844058562814,12718.0,-31.70802656543017,7.74139186651271
2021,HATAY,35929,49001,-13072,1670712,80,21.505202572316474,29.329411652038175,-7.8242090797217,67.43892021185715,2.187144482366321,-18967.0,66.29721285651797,-11.376869205556378
2022,HATAY,39530,47597,-8067,1686043,80,23.445428141512405,28.230003623869617,-4.784575482357211,-2.8652476480071853,10.022544462690309,5005.0,-3.748483062707997,3.039633597364489
2023,HATAY,37068,164247,-127179,1544640,80,23.99782473586078,106.33351460534493,-82.33568986948416,245.0784713322268,-6.228181128257015,-119112.0,276.66844121633625,-77.55111438712694
2024,HATAY,52193,49835,2358,1562185,80,33.410255507510314,31.900831207571443,1.5094242999388676,-69.65850213398113,40.803388367324914,129537.0,-69.99926944390877,83.84511416942303
2008,ISPARTA,17997,16800,1197,407463,80,44.16842756274803,41.2307375148173,2.9376900479307326,,,,,
2009,ISPARTA,18633,15822,2811,420796,80,44.280363881785945,37.60016730197055,6.680196579815397,-5.821428571428566,3.53392232038674,1614.0,-8.805494229983179,3.7425065318846644
2010,ISPARTA,15017,18255,-3238,448298,80,33.497807262133676,40.7206813325065,-7.222874070372832,15.377322715206665,-19.40642945312081,-6049.0,8.299202515443094,-13.90307065018823
2011,ISPARTA,15325,18269,-2944,411245,80,37.26489075855026,44.42364040900193,-7.158749650451678,0.07669131744727498,2.051008856629144,294.0,9.093558740480677,0.06412441992115436
2012,ISPARTA,19731,14330,5401,416663,80,47.354816722387156,34.39230265226334,12.962514070123818,-21.561114456182608,28.750407830342574,8345.0,-22.5810799483823,20.121263720575495
2013,ISPARTA,18730,19807,-1077,417774,80,44.83285221196149,47.41080105511592,-2.5779488431544326,38.2205163991626,-5.07323501089656,-6478.0,37.852942079747145,-15.540462913278251
2014,ISPARTA,17966,19930,-1964,418780,80,42.90080710635656,47.59062037346578,-4.689813267109222,0.6209925783813741,-4.0790176187933795,-887.0,0.379279224033402,-2.1118644239547892
2015,ISPARTA,19042,18659,383,421766,80,45.14825756462114,44.240171090130545,0.9080864744905943,-6.377320622177618,5.9890905042858655,2347.0,-7.040146266307734,5.597899741599816
2016,ISPARTA,19899,17240,2659,427324,80,46.56653967481349,40.344094878827306,6.222444795986184,-7.604909159118922,4.500577670412764,2276.0,-8.806648155509523,5.31435832149559
2017,ISPARTA,18222,18818,-596,433830,80,42.0026277574165,43.376437775165385,-1.373810017748888,9.153132250580054,-8.427559173827825,-3255.0,7.516200091849035,-7.596254813735072
2018,ISPARTA,28789,19584,9205,441412,80,65.22024775040099,44.36671409023769,20.853533660163293,4.070570730151979,57.99034134562617,9801.0,2.282982111636822,22.22734367791218
2019,ISPARTA,19555,20052,-497,444914,80,43.95231437985768,45.06938419559736,-1.117069815739671,2.389705882352944,-32.07475077286463,-9702.0,1.5837776580219565,-21.970603475902966
2020,ISPARTA,12879,17905,-5026,440304,80,29.250245285075767,40.66508594062284,-11.414840655547076,-10.707161380410934,-34.1396062388136,-4529.0,-9.77226188815945,-10.297770839807406
2021,ISPARTA,22632,19998,2634,445678,80,50.78105717580855,44.87096064871948,5.910096527089064,11.689472214465235,75.72792918704869,7660.0,10.342716880613146,17.32493718263614
2022,ISPARTA,20948,20653,295,445325,80,47.03980239151181,46.377364845899066,0.6624375456127547,3.2753275327532805,-7.440791799222335,-2339.0,3.3571917681298302,-5.2476589814763095
2023,ISPARTA,25149,21847,3302,449777,80,55.914375346004796,48.572959488813346,7.3414158571914525,5.781242434513145,20.05442046973458,3007.0,4.734194472259734,6.678978311578698
2024,ISPARTA,18046,19526,-1480,446409,80,40.42481222376789,43.740157568507804,-3.3153453447399133,-10.623884286172014,-28.24366774026801,-4782.0,-9.949572707050237,-10.656761201931365
2008,IĞDIR,5559,9356,-3797,184025,80,30.207852193995382,50.84091835348458,-20.633066159489196,,,,,
2009,IĞDIR,5179,7986,-2807,183486,80,28.225586693262702,43.52375658088355,-15.298169887620855,-14.643009833262077,-6.8357618276668415,990.0,-14.392269080834808,5.334896271868342
2010,IĞDIR,6667,8353,-1686,184418,80,36.15156871888861,45.29384333416478,-9.142274615276166,4.5955421988479905,28.731415331145005,1121.0,4.066943876941642,6.155895272344688
2011,IĞDIR,6915,8579,-1664,188857,80,36.61500500378594,45.4259042556008,-8.810899251814865,2.705614749191909,3.719814009299527,22.0,0.2915648390924064,0.3313753634613015
2012,IĞDIR,6429,8632,-2203,190409,80,33.76416030754849,45.33399156552474,-11.56983125797625,0.617787620934851,-7.02819956616052,-539.0,-0.20233541100004304,-2.758932006161386
2013,IĞDIR,6882,9779,-2897,190424,80,36.140402470276854,51.35382094693946,-15.213418476662607,13.287766450417049,7.0461969202053165,-694.0,13.278842593672312,-3.6435872186863563
2014,IĞDIR,7407,9453,-2046,192056,80,38.566876327737745,49.220019161078014,-10.653142833340276,-3.333674199815928,7.628596338273752,851.0,-4.155098387062884,4.560275643322331
2015,IĞDIR,7321,10589,-3268,192435,80,38.04401486216125,55.026372541377604,-16.98235767921636,12.017348989738696,-1.1610638585122235,-1222.0,11.796731247295234,-6.329214845876084
2016,IĞDIR,6721,9368,-2647,192785,80,34.86267085094795,48.59299219337604,-13.730321342428093,-11.530833884219472,-8.19560169375768,621.0,-11.691449119536134,3.252036336788267
2017,IĞDIR,7775,9728,-1953,194775,80,39.91785393402644,49.94480811192401,-10.026954177897574,3.8428693424423566,15.682190150275254,694.0,2.78191536995378,3.703367164530519
2018,IĞDIR,9225,10122,-897,197456,80,46.71926910299003,51.2620533182076,-4.5427842152175675,4.0501644736842035,18.64951768488745,1056.0,2.6374016761295804,5.4841699626800064
2019,IĞDIR,8650,9777,-1127,199442,80,43.37100510424084,49.021770740365625,-5.650765636124788,-3.4084173088322456,-6.233062330623307,-230.0,-4.3702552528192555,-1.1079814209072207
2020,IĞDIR,7452,7266,186,201314,80,37.016799626454194,36.092869845117576,0.9239297813366184,-25.682724762196997,-13.849710982658959,1313.0,-26.3737941326589,6.574695417461407
2021,IĞDIR,7563,10173,-2610,203159,80,37.22699954223047,50.07407990785542,-12.847080365624954,40.008257638315435,1.4895330112721483,-2796.0,38.73676469267833,-13.771010146961572
2022,IĞDIR,9827,11673,-1846,203594,80,48.267630676738996,57.33469552147903,-9.067064844740022,14.74491300501326,29.935210895147435,764.0,14.499748426699677,3.780015520884932
2023,IĞDIR,12781,10830,1951,209738,80,60.937932086698645,51.63585044197999,9.302081644718648,-7.2217938833204816,30.06003866897324,3797.0,-9.939609912751878,18.36914648945867
2024,IĞDIR,8000,11778,-3778,206857,80,38.67405985777614,56.937884625610934,-18.263824767834784,8.753462603878127,-37.407088647210706,-5729.0,10.268125998212252,-27.56590641255343
2008,KAHRAMANMARAŞ,26142,25574,568,1029298,80,25.39789254423889,24.8460601303024,0.5518324139364887,,,,,
2009,KAHRAMANMARAŞ,18521,26934,-8413,1037491,80,17.851721123363962,25.960707129025696,-8.108986005661736,5.317900993196223,-29.152321934052484,-8981.0,4.486212272197898,-8.660818419598225
2010,KAHRAMANMARAŞ,21182,28592,-7410,1044816,80,20.273426134362413,27.365583987994057,-7.092157853631645,6.155788223063796,14.367474758382382,1003.0,5.411550817880539,1.016828152030091
2011,KAHRAMANMARAŞ,21716,31005,-9289,1054210,80,20.599311332656683,29.410648732226026,-8.811337399569345,8.43942361499721,2.5210084033613356,-1879.0,7.473126629160154,-1.7191795459377
2012,KAHRAMANMARAŞ,19908,29467,-9559,1063174,80,18.725062877760365,27.71606529128816,-8.991002413527795,-4.960490243509108,-8.325658500644684,-270.0,-5.761802319855203,-0.17966501395845036
2013,KAHRAMANMARAŞ,24560,29322,-4762,1075706,80,22.831517161752373,27.258377288961853,-4.426860127209479,-0.49207588149455805,23.36749045609805,4797.0,-1.6513455193445825,4.564142286318316
2014,KAHRAMANMARAŞ,27619,30903,-3284,1089038,80,25.360914862474953,28.37642029020108,-3.0155054277261213,5.391855944342128,12.455211726384373,1478.0,4.101649153164999,1.4113546994833577
2015,KAHRAMANMARAŞ,26856,32272,-5416,1096610,80,24.490019241115803,29.42887626412307,-4.938857023007268,4.42999061579783,-2.7625909699844353,-2132.0,3.7089102965021326,-1.9233515952811464
2016,KAHRAMANMARAŞ,27307,28971,-1664,1112634,80,24.542661827698954,26.038212026596348,-1.4955501988973912,-10.228681209717404,1.6793267798629774,3752.0,-11.52155524762698,3.4433068241098765
2017,KAHRAMANMARAŞ,26874,30314,-3440,1127623,80,23.832433357602675,26.883098340491458,-3.0506649828887844,4.635670152911531,-1.5856740030028904,-1776.0,3.244793893805431,-1.5551147839913932
2018,KAHRAMANMARAŞ,33619,33661,-42,1144851,80,29.365393400538586,29.402079397231606,-0.036685996693019446,11.041103120670325,25.09860832030959,3398.0,9.370129234493962,3.013978986195765
2019,KAHRAMANMARAŞ,27676,36700,-9024,1154102,80,23.98054937951758,31.79961563189389,-7.819066252376307,9.028252280086747,-17.677503792498296,-8982.0,8.154308415642287,-7.782380255683288
2020,KAHRAMANMARAŞ,25056,23696,1360,1168163,80,21.449061475153723,20.284840386144744,1.1642210890089826,-35.43324250681199,-9.466685937274178,10384.0,-36.21042272662011,8.983287341385289
2021,KAHRAMANMARAŞ,27246,35647,-8401,1171298,80,23.261373279899733,30.433758104256988,-7.172384824357251,50.434672518568526,8.740421455938696,-9761.0,50.03203143291337,-8.336605913366233
2022,KAHRAMANMARAŞ,29319,34501,-5182,1177436,80,24.900716472063024,29.301804938867164,-4.401088466804141,-3.2148567901927216,7.608456287161425,3219.0,-3.7193998897937286,2.77129635755311
2023,KAHRAMANMARAŞ,31582,82119,-50537,1116618,80,28.283620718992527,73.54260812560787,-45.25898740661533,138.01918784962757,7.718544288686524,-45355.0,150.98320147527096,-40.85789893981119
2024,KAHRAMANMARAŞ,37523,30393,7130,1134105,80,33.08600173705257,26.79910590289259,6.286895834159976,-62.98907682753077,18.811348236337146,57667.0,-63.55975592119228,51.54588324077531
2008,KARABÜK,8383,8489,-106,216248,80,38.765676445562505,39.25585438940476,-0.49017794384225516,,,,,
2009,KARABÜK,8511,9242,-731,218564,80,38.940539155579145,42.2850972712798,-3.3445581157006643,8.870302744728464,1.526899677919591,-625.0,7.7166652694041105,-2.854380171858409
2010,KARABÜK,9036,8906,130,227610,80,39.69948596283116,39.12833355300734,0.5711524098238214,-3.6355767149967577,6.168487839266823,861.0,-7.465428536253005,3.915710525524486
2011,KARABÜK,8239,9066,-827,219728,80,37.496359134930465,41.26010340056797,-3.7637442656375155,1.7965416573096693,-8.820274457724652,-957.0,5.448148832284705,-4.334896675461337
2012,KARABÜK,13510,8444,5066,225145,80,60.005774056719005,37.504719180972266,22.501054875746743,-6.860798588131479,63.976210705182666,5893.0,-9.101732448746136,26.26479914138426
2013,KARABÜK,13652,11676,1976,230251,80,59.29181632218752,50.709877481531024,8.581938840656502,38.275698720985304,1.0510732790525612,-3090.0,35.20932455683683,-13.91911603509024
2014,KARABÜK,13438,13195,243,231333,80,58.08942087812807,57.03898708787765,1.0504337902504182,13.009592326139096,-1.5675358921769744,-1733.0,12.481019321436438,-7.531505050406084
2015,KARABÜK,17017,12567,4450,236978,80,71.80835351804808,53.03023909392434,18.77811442412376,-4.759378552481996,26.63342759339187,4207.0,-7.028084120388045,17.72768063387334
2016,KARABÜK,16719,13416,3303,242347,80,68.98785625569947,55.35863864623865,13.629217609460815,6.755788971114818,-1.751189986484103,-1147.0,4.390701592331836,-5.148896814662946
2017,KARABÜK,14740,14399,341,244453,80,60.297889573864914,58.9029383971561,1.3949511767088152,7.327072152653558,-11.836832346432203,-2962.0,6.402433003395869,-12.234266432752
2018,KARABÜK,18384,17433,951,248014,80,74.12484779085052,70.29038683300136,3.8344609578491538,21.070907701923748,24.721845318860236,610.0,19.33256429257366,2.4395097811403383
2019,KARABÜK,14571,16485,-1914,248458,80,58.64572684316866,66.34924212542965,-7.703515282260986,-5.437962484942349,-20.740861618798956,-2865.0,-5.606946959810077,-11.53797624011014
2020,KARABÜK,8148,12750,-4602,243614,80,33.44635365783576,52.33689361038364,-18.890539952547883,-22.65696087352138,-44.08070825612518,-2688.0,-21.119078479534746,-11.187024670286897
2021,KARABÜK,16168,11598,4570,249287,80,64.85697208438467,46.52468841134917,18.332283673035498,-9.035294117647064,98.42906234658813,9172.0,-11.105369077314386,37.22282362558338
2022,KARABÜK,13801,12987,814,252058,80,54.75327107253092,51.523855620531776,3.2294154519991434,11.976202793585111,-14.640029688273138,-3756.0,10.745192240692415,-15.102868221036355
2023,KARABÜK,17977,14615,3362,255242,80,70.43119862718518,57.25938521089789,13.17181341628729,12.535612535612529,30.258676907470484,2548.0,11.131794236455693,9.942397964288146
2024,KARABÜK,10481,14090,-3609,250478,80,41.843994282931035,56.25244532453949,-14.408451041608446,-3.5921997947314432,-41.697724870668075,-6971.0,-1.7585586758391503,-27.580264457895737
2008,KARAMAN,8904,8145,759,230145,80,38.688652805839794,35.3907319298703,3.297920875969498,,,,,
2009,KARAMAN,7853,8424,-571,231872,80,33.867823626828596,36.33038918023737,-2.4625655534087776,3.4254143646408775,-11.803683737645997,-1330.0,2.6550941422434526,-5.760486429378275
2010,KARAMAN,7478,8927,-1449,232633,80,32.1450525075978,38.37374749068275,-6.228694983084945,5.971035137701808,-4.7752451292499725,-878.0,5.624377708447192,-3.7661294296761674
2011,KARAMAN,7593,9365,-1772,234005,80,32.44802461485865,40.02051238221405,-7.5724877673553985,4.906463537582617,1.5378443434073352,-323.0,4.291384082128369,-1.3437927842704536
2012,KARAMAN,8191,8066,125,235424,80,34.79254451542749,34.261587603642795,0.5309569117846948,-13.870795515216228,7.875674963782431,1897.0,-14.38993265146361,8.103444679140093
2013,KARAMAN,8747,9445,-698,237939,80,36.76152291133442,39.6950478904257,-2.93352497909128,17.096454252417548,6.7879379807105344,-823.0,15.858752226079575,-3.464481890875975
2014,KARAMAN,8673,9788,-1115,240362,80,36.08307469566737,40.72191111739792,-4.638836421730556,3.631551085230278,-0.8460043443466292,-417.0,2.5868799297251943,-1.705311442639276
2015,KARAMAN,9195,9865,-670,242196,80,37.96511915968885,40.73147368247205,-2.7663545227832005,0.7866775643645241,6.018678657903842,445.0,0.023482603865421225,1.8724818989473553
2016,KARAMAN,9519,9813,-294,245610,80,38.756565286429705,39.95358495175278,-1.1970196653230731,-0.5271160669031882,3.523654159869505,376.0,-1.9097976586445409,1.5693348574601274
2017,KARAMAN,8581,10340,-1759,246672,80,34.787085684633844,41.91801258351171,-7.130926898877862,5.370426984612253,-9.853976258010299,-1465.0,4.91677438740763,-5.933907233554788
2018,KARAMAN,12777,10448,2329,251913,80,50.719891391075485,41.47463608468003,9.245255306395462,1.0444874274661453,48.89872975177718,4088.0,-1.057723092067786,16.376182205273324
2019,KARAMAN,10318,11075,-757,253279,80,40.737684529708346,43.726483443159516,-2.9887989134511743,6.001148545176105,-19.245519292478676,-3086.0,5.429456581323144,-12.234054219846637
2020,KARAMAN,8074,8304,-230,254919,80,31.67280587166904,32.57505325220952,-0.9022473805404854,-25.02031602708804,-21.74840085287847,527.0,-25.502691533486445,2.086551532910689
2021,KARAMAN,12420,10885,1535,258838,80,47.98368091238535,42.053330654695216,5.930350257690138,31.081406551059732,53.827099331186524,1765.0,29.096736478374897,6.832597638230624
2022,KARAMAN,11387,10969,418,260838,80,43.65544897599276,42.052921736863496,1.602527239129268,0.7717041800643143,-8.317230273752008,-1117.0,-0.0009723791798532666,-4.327823018560871
2023,KARAMAN,15156,11829,3327,263960,80,57.417790574329445,44.813608122442794,12.60418245188665,7.840277144680474,33.09914815140071,2909.0,6.564790914775576,11.001655212757383
2024,KARAMAN,10319,11846,-1527,262791,80,39.26694597607985,45.077647255804045,-5.810701279724191,0.14371459971256328,-31.914753233043015,-4854.0,0.5891940962214459,-18.414883731610843
2008,KARS,8855,17726,-8871,312128,80,28.369771375845808,56.79080377281116,-28.421032396965348,,,,,
2009,KARS,9028,15660,-6632,306536,80,29.451679411227396,51.08698488921366,-21.63530547798627,-11.655195757644144,1.953698475437604,2239.0,-10.043560761026294,6.785726918979076
2010,KARS,9906,16657,-6751,301766,80,32.826759807267884,55.198398759303565,-22.37163895203568,6.366538952745859,9.725299069561366,-119.0,8.047869489667182,-0.7363334740494096
2011,KARS,10654,16376,-5722,305755,80,34.844892152213376,53.55922225311115,-18.714330100897776,-1.6869784474995542,7.550979204522501,1029.0,-2.9696087985090935,3.6573088511379055
2012,KARS,9706,16185,-6479,304821,80,31.841638207341358,53.09673546113949,-21.255097253798134,-1.1663409868099661,-8.898066453914023,-757.0,-0.8635054291603272,-2.540767152900358
2013,KARS,11046,18072,-7026,300874,80,36.71304266902424,60.06501060244488,-23.351967933420635,11.658943466172378,13.805893261899849,-547.0,13.123735538139325,-2.0968706796225014
2014,KARS,10280,20020,-9740,296466,80,34.67513981367172,67.5288228667031,-32.85368305303138,10.779105799026123,-6.934636972659791,-2714.0,12.426223169524263,-9.501715119610747
2015,KARS,11328,19809,-8481,292660,80,38.707032050843985,67.68605207407914,-28.979020023235154,-1.0539460539460532,10.194552529182888,1259.0,0.2328327382315143,3.8746630297962277
2016,KARS,10209,16590,-6381,289786,80,35.229445176785624,57.24914247065076,-22.01969729386513,-16.250189307890352,-9.878177966101697,2100.0,-15.419586877375691,6.959322729370026
2017,KARS,11588,17119,-5531,287654,80,40.284508471983706,59.512469842241025,-19.227961370257322,3.1886678722121697,13.507689293760405,850.0,3.9534694738014187,2.7917359236078063
2018,KARS,14441,16620,-2179,288878,80,49.98996116007449,57.532937779962474,-7.54297661988798,-2.9148898884280627,24.62029685881948,3352.0,-3.3262475369044586,11.684984750369342
2019,KARS,11132,16421,-5289,285410,80,39.00353876878876,57.534774534879645,-18.531235766090884,-1.1973525872442825,-22.913925628419086,-3110.0,0.003192527599060746,-10.988259146202903
2020,KARS,8168,12910,-4742,284923,80,28.667394348648582,45.31048739484001,-16.643093046191428,-21.38115827294318,-26.62594322673374,547.0,-21.24678029741619,1.8881427198994558
2021,KARS,11259,16471,-5212,281077,80,40.05663928389729,58.599600821127304,-18.54296153723001,27.58326878388846,37.84280117531831,-470.0,29.329001276204924,-1.899868491038582
2022,KARS,11568,18787,-7219,274829,80,42.09162788497575,68.35887042488238,-26.267242539906633,14.061077044502458,2.744471089794831,-2007.0,16.65415713930343,-7.724281002676623
2023,KARS,15376,16382,-1006,278335,80,55.242782977347446,58.857132592020406,-3.614349614672966,-12.80140522701868,32.91839557399723,6213.0,-13.899787655653506,22.652892925233665
2024,KARS,9588,16560,-6972,272300,80,35.21116415717958,60.81527726771942,-25.604113110539846,1.0865584177756071,-37.64308012486993,-5966.0,3.3269454175966606,-21.989763495866878
2008,KASTAMONU,14775,14003,772,360424,80,40.99338556810867,38.85146383148736,2.141921736621313,,,,,
2009,KASTAMONU,13047,14570,-1523,359823,80,36.25949425134024,40.49213085322506,-4.232636601884816,4.049132328786698,-11.69543147208122,-2295.0,4.222922021301079,-6.374558338506128
2010,KASTAMONU,13811,15422,-1611,361222,80,38.234105342421,42.69396659118215,-4.4598612487611495,5.8476321207961535,5.855752280217685,-88.0,5.437687994090146,-0.22722464687633348
2011,KASTAMONU,15023,15482,-459,359759,80,41.75851055845719,43.03436467190536,-1.2758541134481696,0.38905459732849756,8.775613641300417,1152.0,0.7972978570548461,3.1840071353129797
2012,KASTAMONU,14340,13933,407,359808,80,39.85458911419424,38.723430273923874,1.1311588402703665,-10.005167291047668,-4.546362244558344,866.0,-10.017423124166259,2.407012953718536
2013,KASTAMONU,19911,15658,4253,368093,80,54.092308193853185,42.538162909916785,11.554145283936396,12.380678963611569,38.84937238493724,3846.0,9.85122601228261,10.42298644366603
2014,KASTAMONU,17539,18163,-624,368907,80,47.543147730999955,49.23463095034792,-1.6914832193479656,15.998211776727555,-11.913012907438103,-4877.0,15.742259614295673,-13.245628503284362
2015,KASTAMONU,21601,18092,3509,372633,80,57.9685642441759,48.55179224599002,9.416771998185881,-0.3909045862467653,23.159815268829465,4133.0,-1.3869073275811217,11.108255217533847
2016,KASTAMONU,20577,18898,1679,376945,80,54.58886574964517,50.1346350263301,4.454230723315073,4.455007738226846,-4.740521272163322,-1830.0,3.260111948742339,-4.962541274870809
2017,KASTAMONU,18729,20052,-1323,372373,80,50.29634264568054,53.84923181863346,-3.552889172952926,6.106466292729396,-8.980901005977548,-3002.0,7.409242712852104,-8.007119896267998
2018,KASTAMONU,27175,18397,8778,383373,80,70.88396939794926,47.987208280186664,22.896761117762598,-8.253540793935766,45.09584067488921,10101.0,-10.885992873938012,26.449650290715525
2019,KASTAMONU,17737,22515,-4778,379405,80,46.74951568903941,59.34291851715186,-12.59340282811244,22.384084361580705,-34.73045078196873,-13556.0,23.664035987802666,-35.49016394587504
2020,KASTAMONU,14177,15328,-1151,376377,80,37.667020035762015,40.72512401129719,-3.058103975535168,-31.920941594492557,-20.0710379432824,3627.0,-31.373237061931114,9.535298852577272
2021,KASTAMONU,18463,17241,1222,375592,80,49.15706404822254,45.90353362158939,3.253530426633155,12.480427974947816,30.232066022430693,2373.0,12.715515878737914,6.311634402168323
2022,KASTAMONU,19960,16321,3639,378115,80,52.78817291035796,43.16411673697156,9.624056173386403,-5.3361173945826845,8.108108108108114,2417.0,-5.967769076778495,6.370525746753248
2023,KASTAMONU,30284,17608,12676,388990,80,77.85290110285611,45.265945139977894,32.58695596287822,7.885546228785012,51.72344689378758,9037.0,4.869388190691382,22.962899789491818
2024,KASTAMONU,15894,20854,-4960,381991,80,41.608310143432696,54.59290925702438,-12.984599113591681,18.434802362562476,-47.51684057588166,-17636.0,20.604814697239405,-45.571555076469906
2008,KAYSERİ,30021,28621,1400,1184386,80,25.347310758485833,24.16526368937154,1.1820470691142921,,,,,
2009,KAYSERİ,31075,28831,2244,1205872,80,25.769733437711462,23.908839412474954,1.8608940252365094,0.7337269836833027,3.5108757203291097,844.0,-1.061127576312637,0.6788469561222172
2010,KAYSERİ,37842,30380,7462,1234651,80,30.649956951397602,24.606143760463485,6.043813190934118,5.372689119350693,21.776347546259057,5218.0,2.916512742248356,4.182919165697609
2011,KAYSERİ,34387,31787,2600,1255349,80,27.39238251673439,25.321245326996717,2.0711371897376747,4.631336405529951,-9.130067121188102,-4862.0,2.9061911264707696,-3.9726760011964437
2012,KAYSERİ,33917,30143,3774,1274968,80,26.602236291420645,23.642161999359985,2.9600742920606633,-5.171925629974517,-1.366795591357195,1174.0,-6.631124598941218,0.8889371023229886
2013,KAYSERİ,36580,33789,2791,1295355,80,28.239362954556857,26.084741248538045,2.1546217060188133,12.09567727167169,7.851519886782432,-983.0,10.331454666642514,-0.80545258604185
2014,KAYSERİ,40957,33374,7583,1322376,80,30.972280198672692,25.23790510414587,5.734375094526821,-1.2282103643197484,11.965554948059044,4792.0,-3.246480907452498,3.5797533885080077
2015,KAYSERİ,37832,36087,1745,1341056,80,28.210604180586046,26.909390808437532,1.3012133721485157,8.129082519326424,-7.6299533657250285,-5838.0,6.6229177794042915,-4.433161722378305
2016,KAYSERİ,35573,35540,33,1358980,80,26.17624983443465,26.151966916363744,0.024282918070906122,-1.515781306287578,-5.971135546627194,-1712.0,-2.814719580483016,-1.2769304540776096
2017,KAYSERİ,38958,36863,2095,1376722,80,28.297651958783256,26.775921355219136,1.5217306035641183,3.722566122678672,9.51564388721784,2062.0,2.3858795816423806,1.4974476854932122
2018,KAYSERİ,38690,48047,-9357,1389680,80,27.840941799550976,34.57414656611594,-6.733204766564965,30.339364674605985,-0.6879203244519738,-11452.0,29.124021942859436,-8.254935370129083
2019,KAYSERİ,40579,39013,1566,1407409,80,28.83241474226753,27.719731790829815,1.112682951437713,-18.802422627843573,4.882398552597578,10923.0,-19.825260942243272,7.845887718002678
2020,KAYSERİ,31766,30033,1733,1421455,80,22.34752419176126,21.12835087990826,1.2191733118529957,-23.01796836951785,-21.718130067276174,167.0,-23.778660488706826,0.1064903604152827
2021,KAYSERİ,40628,39915,713,1434357,80,28.3248870399768,27.82780019200241,0.4970868479743885,32.90380581360503,27.897752313794633,-1020.0,31.708339899186868,-0.7220864638786072
2022,KAYSERİ,38374,38902,-528,1441523,80,26.620456281308034,26.986735556768778,-0.3662792754607453,-2.5378930226731766,-5.54789800137836,-1241.0,-3.022389946135051,-0.8633661234351337
2023,KAYSERİ,47180,46791,389,1445683,80,32.635093585523244,32.36601661636749,0.26907696915575546,20.27916302503727,22.947829259394382,917.0,19.933055809150968,0.6353562446165008
2024,KAYSERİ,37960,36622,1338,1452458,80,26.135007001923636,25.213809969031807,0.921197032891829,-21.7328118655297,-19.542178889359896,949.0,-22.09788968506805,0.6521200637360736
2008,KIRIKKALE,11360,16605,-5245,279325,80,40.669471046272264,59.44688087353441,-18.77740982726215,,,,,
2009,KIRIKKALE,15861,15565,296,280834,80,56.47820420604343,55.424200773410625,1.054003432632801,-6.263173742848538,39.62147887323943,5541.0,-6.766848051593355,19.83141325989495
2010,KIRIKKALE,12488,19229,-6741,276647,80,45.14055818425647,69.50735052250702,-24.36679233825055,23.539993575329255,-21.2659983607591,-7037.0,25.40974800281233,-25.420795770883352
2011,KIRIKKALE,12190,17482,-5292,274992,80,44.32856228544831,63.5727584802467,-19.244196194798395,-9.085235841697436,-2.3862908392056403,1449.0,-8.53807834372663,5.1225961434521565
2012,KIRIKKALE,13776,13912,-136,274727,80,50.144325093638415,50.63936198480674,-0.4950368911683235,-20.42100446173206,13.010664479081214,5156.0,-20.344243044697542,18.749159303630073
2013,KIRIKKALE,15089,17818,-2729,274658,80,54.93741307371349,64.87340619971019,-9.935993125996694,28.0764807360552,9.531068524970966,-2593.0,28.10865630410997,-9.44095623482837
2014,KIRIKKALE,13306,18744,-5438,271092,80,49.08296814365603,69.142578903103,-20.059610759446976,5.196991806038831,-11.816555106368876,-2709.0,6.580774701809755,-10.123617633450282
2015,KIRIKKALE,12585,15204,-2619,270271,80,46.564374276189454,56.2546481124501,-9.690273836260642,-18.886043533930863,-5.418608146700732,2819.0,-18.639644333651706,10.369336923186333
2016,KIRIKKALE,14776,13300,1476,277984,80,53.154138367675834,47.84448025785657,5.30965810981927,-12.52302025782689,17.40961462058006,4095.0,-14.950174139889816,14.999931946079911
2017,KIRIKKALE,13434,14112,-678,278749,80,48.19389486599055,50.62619058723081,-2.4322957212402554,6.105263157894747,-9.082295614510016,-2154.0,5.814067400005785,-7.741953831059526
2018,KIRIKKALE,20575,15076,5499,286602,80,71.78945017829604,52.60256383416724,19.18688634412879,6.831065759637189,53.15617090963227,6177.0,3.903855344460627,21.619182065369046
2019,KIRIKKALE,12937,18854,-5917,283017,80,45.7110350261645,66.61790634484855,-20.906871318684036,25.05969753250199,-37.12272174969623,-11416.0,26.643839176481055,-40.09375766281283
2020,KIRIKKALE,8597,13021,-4424,278703,80,30.846456622282503,46.719985073716465,-15.873528451433964,-30.937732046250133,-33.547190229574085,1493.0,-29.86872803857,5.033342867250072
2021,KIRIKKALE,13449,16187,-2738,275968,80,48.73391117810761,58.65535134508349,-9.92144016697588,24.314568773519696,56.43829242759102,1686.0,25.546596927492548,5.952088284458084
2022,KIRIKKALE,14645,14703,-58,277046,80,52.86125769727771,53.07060921291049,-0.209351515632783,-9.167850744424532,8.892854487322488,2680.0,-9.521283231800325,9.712088651343098
2023,KIRIKKALE,23664,13403,10261,285744,80,82.81538719973122,46.90562181533121,35.909765384400025,-8.84173297966402,61.58415841584159,10319.0,-11.616575518940008,36.11911690003281
2024,KIRIKKALE,13584,16881,-3297,283053,80,47.991012283918565,59.63900753569119,-11.647995251772636,25.94941431022906,-42.59634888438134,-13558.0,27.14682212399122,-47.55776063617266
2008,KIRKLARELİ,10565,11027,-462,336942,80,31.355544871224126,32.72670073781244,-1.371155866588315,,,,,
2009,KIRKLARELİ,10359,11242,-883,333179,80,31.091395316031324,33.741622371157845,-2.650227055126524,1.949759680783525,-1.9498343587316613,-421.0,3.101203636371319,-1.279071188538209
2010,KIRKLARELİ,12844,12088,756,332791,80,38.59479372939773,36.32309767992524,2.271696049472492,7.525351360967791,23.988802007915822,1639.0,7.650714836326378,4.921923104599015
2011,KIRKLARELİ,11979,11829,150,340199,80,35.211743714708156,34.77082531106793,0.44091840364022233,-2.1426207809397746,-6.734662099034572,-606.0,-4.2735131858404385,-1.8307776458322695
2012,KIRKLARELİ,12548,11232,1316,341218,80,36.77414438863131,32.91737247155777,3.856771917073542,-5.0469185899061575,4.7499791301444105,1166.0,-5.33048273352369,3.4158535134333197
2013,KIRKLARELİ,14120,13297,823,340559,80,41.4612446007887,39.0446295649212,2.4166150358675003,18.384971509971514,12.527892891297409,-493.0,18.614052803448033,-1.440156881206042
2014,KIRKLARELİ,14553,13678,875,343723,80,42.339325561571385,39.7936710665274,2.545654495043974,2.865307964202457,3.066572237960341,52.0,1.9184238906934326,0.12903945917647386
2015,KIRKLARELİ,16098,13816,2282,346973,80,46.39554086341012,39.818660241574996,6.576880621835128,1.0089194326655893,10.616367759224898,1407.0,0.06279685783656674,4.031226126791154
2016,KIRKLARELİ,16882,13175,3707,351684,80,48.00332116331707,37.46260847806553,10.540712685251533,-4.639548349739431,4.870170207479196,1425.0,-5.916953883469667,3.9638320634164046
2017,KIRKLARELİ,16074,14023,2051,356050,80,45.145344754950145,39.384917848616766,5.76042690633338,6.436432637571166,-4.786162776922165,-1656.0,5.131274752735782,-4.780285778918153
2018,KIRKLARELİ,16936,14745,2191,360860,80,46.93232832677493,40.860721609488444,6.071606717286482,5.148684304357132,5.362697523951732,140.0,3.747129209572564,0.3111798109531021
2019,KIRKLARELİ,15352,14468,884,361836,80,42.42806133165301,39.984965564509885,2.4430957671431255,-1.8786029162427886,-9.352857817666504,-1307.0,-2.143271118283907,-3.6285109501433563
2020,KIRKLARELİ,13852,11596,2256,361737,80,38.293013985298714,32.0564387939304,6.236575191368314,-19.850705004147084,-9.770713913496609,1372.0,-19.828769785453414,3.793479424225189
2021,KIRKLARELİ,17846,13855,3991,366363,80,48.7112508632149,37.81768355428905,10.893567308925846,19.48085546740255,28.833381461160833,1735.0,17.97219209967107,4.6569921175575315
2022,KIRKLARELİ,18230,13843,4387,369347,80,49.35737937495092,37.47966004868051,11.877719326270418,-0.0866113316492223,2.151742687436964,396.0,-0.8938239306045537,0.9841520173445719
2023,KIRKLARELİ,22171,14336,7835,377156,80,58.78469386672889,38.01079659345204,20.77389727327684,3.561366755761042,21.618211738891937,3448.0,1.41713277036577,8.896177947006423
2024,KIRKLARELİ,15265,14128,1137,379031,80,40.27375069585337,37.273996058369896,2.999754637483478,-1.4508928571428603,-31.14879797934238,-6698.0,-1.9383980371752374,-17.774142635793364
2008,KIRŞEHİR,9822,12312,-2490,222735,80,44.0972456057647,55.27644959256516,-11.179203986800458,,,,,
2009,KIRŞEHİR,10947,12186,-1239,223102,80,49.067242785810976,54.62075642531219,-5.553513639501214,-1.0233918128654929,11.453879047037274,1251.0,-1.1862070955822812,5.625690347299243
2010,KIRŞEHİR,9875,12626,-2751,221876,80,44.5068416593052,56.905659016748096,-12.398817357442896,3.6107008042015387,-9.792637252215219,-1512.0,4.183213014562082,-6.845303717941682
2011,KIRŞEHİR,9598,11870,-2272,221015,80,43.42691672510916,53.70676198448069,-10.279845259371536,-5.987644543006498,-2.8050632911392426,479.0,-5.621404070421054,2.11897209807136
2012,KIRŞEHİR,9733,9898,-165,221209,80,43.999113960101084,44.74501489541565,-0.7459009353145668,-16.613310867733787,1.4065430297978798,2107.0,-16.68644088365383,9.53394432405697
2013,KIRŞEHİR,11259,11346,-87,223498,80,50.37628972071338,50.76555494903757,-0.38926522832419086,14.629218023843205,15.67861913079216,78.0,13.45521968803447,0.35663570699037594
2014,KIRŞEHİR,10648,12199,-1551,222707,80,47.811698779113364,54.77600614259992,-6.9643073634865535,7.518068041600556,-5.426769695354827,-1464.0,7.899945539033992,-6.575042135162363
2015,KIRŞEHİR,11928,11544,384,225562,80,52.88124772789743,51.17883331412206,1.70241441377537,-5.369292564964345,12.021036814425234,1935.0,-6.567059341846204,8.666721777261923
2016,KIRŞEHİR,12188,11362,826,229975,80,52.997064898358516,49.40537014892924,3.5916947494292857,-1.5765765765765716,2.1797451374916177,442.0,-3.4652278107001333,1.8892803356539156
2017,KIRŞEHİR,10840,11329,-489,234529,80,46.22029685028291,48.305326846573344,-2.0850299962904373,-0.2904418236226003,-11.060059074499506,-1315.0,-2.2265662599832425,-5.6767247457197225
2018,KIRŞEHİR,15835,12144,3691,241868,80,65.46959498569467,50.2092050209205,15.260389964774175,7.193927089769625,46.07933579335792,4180.0,3.9413420809556454,17.345419961064614
2019,KIRŞEHİR,10853,13028,-2175,242938,80,44.673949732030394,53.62685129539224,-8.952901563361847,7.279314888010546,-31.46195137353963,-5866.0,6.806812163322884,-24.213291528136022
2020,KIRŞEHİR,9960,10835,-875,243042,80,40.98057125928852,44.58077204762963,-3.60020078834111,-16.83297513048818,-8.228139684879753,1300.0,-16.868563097121225,5.352700775020737
2021,KIRŞEHİR,11676,13193,-1517,242944,80,48.0604583772392,54.30469573234984,-6.244237355110643,21.762805722196575,17.228915662650614,-642.0,21.8119230289042,-2.6440365667695334
2022,KIRŞEHİR,13231,11934,1297,244519,80,54.11031453588474,48.80602325381668,5.30429128206806,-9.542939437580532,13.317917094895515,2814.0,-10.125593016181,11.548528637178702
2023,KIRŞEHİR,16475,12735,3740,247179,80,66.6521023226083,51.52136710642895,15.130735216179367,6.711915535444946,24.518177008540555,2443.0,5.563542512962116,9.826443934111307
2024,KIRŞEHİR,11390,12511,-1121,244546,80,46.5761042912172,51.16010893655999,-4.584004645342798,-1.758932076953279,-30.864946889226097,-4861.0,-0.7011812577152554,-19.714739861522165
2008,KOCAELİ,63965,40947,23018,1490358,80,42.91921806706845,27.474606772332553,15.444611294735896,,,,,
2009,KOCAELİ,60432,48399,12033,1522408,80,39.69500948497381,31.79108359914031,7.903925885833496,18.19913546779983,-5.5233330727741725,-10985.0,15.7107865549309,-7.5406854089024
2010,KOCAELİ,64503,49379,15124,1560138,80,41.344419532118316,31.650405284660717,9.694014247457597,2.024835223868271,6.73649722001588,3091.0,-0.4425087117300941,1.7900883616241003
2011,KOCAELİ,63314,50070,13244,1601720,80,39.52875658666933,31.260145343755465,8.268611242913869,1.3993803033678365,-1.843325116661243,-1880.0,-1.2330329971932175,-1.4254030045437283
2012,KOCAELİ,62966,51561,11405,1634691,80,38.51859464571592,31.54174091617315,6.9768537295427695,2.977831036548828,-0.5496414695012164,-1839.0,0.9008133817712372,-1.291757513371099
2013,KOCAELİ,71159,54742,16417,1676202,80,42.4525206389206,32.65835501926379,9.79416561965682,6.169391594422136,13.011784137471016,5012.0,3.5401156393307653,2.81731189011405
2014,KOCAELİ,79697,55060,24637,1722795,80,46.26029214154905,31.959693405193306,14.300598736355747,0.5809067991670025,11.99848227209488,8220.0,-2.1393043637941034,4.506433116698927
2015,KOCAELİ,87158,56927,30231,1780055,80,48.963655617382614,31.980472513489755,16.98318310389286,3.3908463494369823,9.361707467031376,5594.0,0.06501660711510926,2.682584367537112
2016,KOCAELİ,85602,60479,25123,1830772,80,46.75732423261881,33.034697930709015,13.722626301909795,6.2395699755827705,-1.785263544367699,-5108.0,3.296466044316815,-3.260556801983064
2017,KOCAELİ,87796,60258,27538,1883270,80,46.61891284839667,31.996474217717058,14.622438630679616,-0.3654160948428409,2.5630242284058857,2415.0,-3.1428279294990147,0.899812328769821
2018,KOCAELİ,80457,79970,487,1906391,80,42.20382912004935,41.948372605619724,0.25545651442962125,32.71266885724717,-8.359150758576705,-27051.0,31.103109424450626,-14.366982116249995
2019,KOCAELİ,82977,65675,17302,1953035,80,42.48618176325565,33.627149539050755,8.859032224204892,-17.875453294985622,3.1321078339982877,16815.0,-19.83681976128484,8.60357570977527
2020,KOCAELİ,75093,52543,22550,1997258,80,37.59804692233051,26.30756767528281,11.290479247047703,-19.99543205177008,-9.501428106583754,5248.0,-21.76688171344351,2.4314470228428107
2021,KOCAELİ,83959,66332,17627,2033441,80,41.289125182387885,32.62056779616424,8.668557386223647,26.243267419066285,11.806693033971216,-4923.0,23.99689777026701,-2.621921860824056
2022,KOCAELİ,89685,62534,27151,2079072,80,43.137034215265274,30.077842422003663,13.05919179326161,-5.72574323101972,6.819995473981355,9524.0,-7.794853204423891,4.390634407037963
2023,KOCAELİ,92564,81219,11345,2102907,80,44.01716290829789,38.62225005670721,5.3949128515906795,29.87974541849234,3.210124324022967,-15806.0,28.407648111264862,-7.66427894167093
2024,KOCAELİ,80804,63593,17211,2130006,80,37.936043372647774,29.85578444379969,8.080258928848089,-21.701818539996797,-12.704723218529878,5866.0,-22.6979671045476,2.6853460772574094
2008,KONYA,45502,56760,-11258,1969868,80,23.099009679836417,28.814113432981294,-5.715103753144881,,,,,
2009,KONYA,46042,51006,-4964,1992675,80,23.105624349178868,25.59674808987918,-2.491123740700315,-10.13742071881607,1.1867610214935542,6294.0,-11.165935577318308,3.223980012444566
2010,KONYA,47901,56729,-8828,2013845,80,23.785842505257357,28.169496659375472,-4.383654154118117,11.22024859820414,4.037617827201245,-3864.0,10.051075865037484,-1.8925304134178025
2011,KONYA,52134,54533,-2399,2038555,80,25.573997267672443,26.750811236390483,-1.176813968718038,-3.87103597807118,8.836976263543562,6429.0,-5.0362469735958815,3.2068401854000794
2012,KONYA,51981,48313,3668,2052281,80,25.328402884400333,23.541123267232898,1.7872796171674348,-11.405937689105683,-0.2934745079986145,6067.0,-11.998469656842726,2.9640935858854727
2013,KONYA,51080,55006,-3926,2079225,80,24.566845819956956,26.455049357332662,-1.888203537375705,13.853414194937175,-1.7333256382139672,-7594.0,12.378024858973834,-3.67548315454314
2014,KONYA,55798,55453,345,2108808,80,26.45949749811268,26.29589796700316,0.1635995311095178,0.8126386212413239,9.23649177760375,4271.0,-0.6015917346432365,2.051803068485223
2015,KONYA,56817,57056,-239,2130544,80,26.667836946807952,26.780014869441793,-0.11217792263384375,2.8907362992083296,1.8262303308362204,-584.0,1.8410358263715398,-0.27577745374336154
2016,KONYA,56500,54712,1788,2161303,80,26.141637706513155,25.314358976968986,0.8272787295441686,-4.1082445316881655,-0.5579316049773797,2027.0,-5.472946522315947,0.9394566521780123
2017,KONYA,53007,56594,-3587,2180149,80,24.31347582206537,25.958776212084587,-1.6453003900192142,3.4398303845591505,-6.182300884955749,-5375.0,2.545658911220672,-2.472579119563383
2018,KONYA,58300,60571,-2271,2205609,80,26.43260886222354,27.46225645615338,-1.0296475939298397,7.027246704597667,9.985473616692131,1316.0,5.791799396802366,0.6156527960893745
2019,KONYA,54219,58557,-4338,2232374,80,24.287596970758486,26.230819746153646,-1.9432227753951623,-3.3250235261098493,-6.999999999999995,-2067.0,-4.48410607469879,-0.9135751814653226
2020,KONYA,43788,48780,-4992,2250020,80,19.461160345241375,21.67980729060186,-2.2186469453604856,-16.69655207746299,-19.23864328003099,-654.0,-17.349867444455757,-0.27542416996532326
2021,KONYA,64254,58865,5389,2277017,80,28.21849814911351,25.851805234655693,2.366692914457819,20.67445674456745,46.738832556864885,10381.0,19.24370400590407,4.585339859818305
2022,KONYA,57578,57765,-187,2296347,80,25.073736678298186,25.15517036406083,-0.08143368576264824,-1.868682578781955,-10.390014629439415,-5576.0,-2.6947242727211496,-2.448126600220467
2023,KONYA,75214,61210,14004,2320241,80,32.41646018667888,26.380880262007267,6.035579924671618,5.963818921492248,30.629754420091015,14191.0,4.872596290175024,6.117013610434266
2024,KONYA,53971,56234,-2263,2330024,80,23.163280721571965,24.13451535263156,-0.9712346310595942,-8.129390622447307,-28.243412130720348,-16267.0,-8.51512492026597,-7.006814555731212
2008,KÜTAHYA,14112,21711,-7599,565884,80,24.937973153508494,38.36652034692622,-13.428547193417732,,,,,
2009,KÜTAHYA,15291,18210,-2919,571804,80,26.74168071576974,31.846576799043028,-5.10489608327329,-16.12546635346138,8.354591836734704,4680.0,-16.993836003179652,8.323651110144443
2010,KÜTAHYA,15311,19923,-4612,590496,80,25.9290494770498,33.739432612583315,-7.810383135533518,9.40691927512356,0.13079589300895034,-1693.0,5.943671200470013,-2.705487052260228
2011,KÜTAHYA,17547,20655,-3108,564264,80,31.097146016758114,36.60520607375271,-5.508060056994599,3.674145460021072,14.603879563712363,1504.0,8.493840113068728,2.302323078538919
2012,KÜTAHYA,20550,16702,3848,573421,80,35.83754344539178,29.126941636249807,6.710601809141974,-19.13822319051077,17.114036587450855,6956.0,-20.429510552230155,12.218661866136573
2013,KÜTAHYA,17875,20915,-3040,572059,80,31.24677699328216,36.56091417144036,-5.314137178158196,25.224524009100712,-13.017031630170317,-6888.0,25.522667735010796,-12.024738987300172
2014,KÜTAHYA,18734,21860,-3126,571554,80,32.777305381468764,38.24660487023098,-5.469299488762217,4.51828830982548,4.805594405594404,-86.0,4.610636076784447,-0.15516231060402053
2015,KÜTAHYA,19447,22337,-2890,571463,80,34.03019968046925,39.08739498445218,-5.057195303982935,2.182067703568169,3.805914380271158,236.0,2.198339217491241,0.4121041847792819
2016,KÜTAHYA,18382,20691,-2309,573642,80,32.04437610914125,36.06953465750416,-4.025158548362916,-7.368939427855126,-5.476423098678462,581.0,-7.72080188037203,1.0320367556200187
2017,KÜTAHYA,17172,20393,-3221,572256,80,30.007549068948165,35.63614885645585,-5.628599787507689,-1.440239717751679,-6.582526384506582,-912.0,-1.2015286727802166,-1.6034412391447725
2018,KÜTAHYA,22582,20392,2190,577941,80,39.07319259232344,35.28387845818172,3.7893141341417205,-0.0049036434070504065,31.504775215467042,5411.0,-0.9885198305043863,9.41791392164941
2019,KÜTAHYA,21212,21456,-244,579257,80,36.61932441040851,37.04055367479375,-0.42122926438523833,5.217732444095713,-6.066778850411836,-2434.0,4.978690816810394,-4.2105433985269585
2020,KÜTAHYA,15347,18688,-3341,576688,80,26.61231029603529,32.4057375912105,-5.793427295175207,-12.900820283370617,-27.649443711106926,-3097.0,-12.512815343624995,-5.372198030789969
2021,KÜTAHYA,21913,21052,861,578640,80,37.86983271118485,36.381860915249554,1.4879717959352967,12.649828767123283,42.78360591646575,4202.0,12.269812754138654,7.281399091110504
2022,KÜTAHYA,20014,21209,-1195,580701,80,34.465241148198466,36.523098806442555,-2.057857658244088,0.745772373171194,-8.666088623191715,-2056.0,0.3882096397487933,-3.5458294541793847
2023,KÜTAHYA,24281,28405,-4124,575674,80,42.17838568356396,49.34216240441639,-7.163776720852426,33.92899240888303,21.320075946837225,-2929.0,35.09851030414921,-5.105919062608338
2024,KÜTAHYA,18364,20502,-2138,571078,80,32.15672815272169,35.900524972070365,-3.7437968193486704,-27.822566449568743,-24.36884807050781,1986.0,-27.24168698196925,3.4199799015037557
2008,KİLİS,4998,4611,387,120991,80,41.308857683629356,38.11027266490896,3.1985850187204004,,,,,
2009,KİLİS,4662,5677,-1015,122104,80,38.18056738517984,46.493153377448735,-8.312585992268886,23.11862936456299,-6.72268907563025,-1402.0,21.99638083476252,-11.511171010989287
2010,KİLİS,4813,5572,-759,123135,80,39.08718073658992,45.251147114955124,-6.163966378365209,-1.8495684340320562,3.238953238953246,256.0,-2.671374540699667,2.1486196139036773
2011,KİLİS,4692,6420,-1728,124452,80,37.701282422138654,51.586153697811206,-13.884871275672548,15.218951902368993,-2.514024516933311,-969.0,13.999659647881968,-7.7209048973073395
2012,KİLİS,4315,6075,-1760,124320,80,34.70881595881596,48.865830115830114,-14.157014157014158,-5.373831775700932,-8.034953111679455,-32.0,-5.273359975462788,-0.27214288134161
2013,KİLİS,6566,6161,405,128586,80,51.06310173735865,47.91345869690324,3.149643040455415,1.4156378600822972,52.16685979142526,2165.0,-1.948951683966893,17.306657197469573
2014,KİLİS,5759,7451,-1692,128781,80,44.71932971478712,57.85791382269124,-13.138584107904116,20.938159389709465,-12.290587876941817,-2097.0,20.755035007378275,-16.288227148359532
2015,KİLİS,6776,6593,183,130655,80,51.86177337262256,50.46113811182121,1.400635260801347,-11.515232854650382,17.659315853446778,1875.0,-12.784380255288596,14.539219368705464
2016,KİLİS,5740,8043,-2303,130825,80,43.875406076820184,61.47907510032486,-17.603669023504683,21.99302290307903,-15.289256198347111,-2486.0,21.83449957884036,-19.00430428430603
2017,KİLİS,6675,6526,149,136319,80,48.966028213235134,47.87300376323183,1.093024450003301,-18.86112147208753,16.289198606271782,2452.0,-22.13122320869323,18.696693473507985
2018,KİLİS,8861,6929,1932,142541,80,62.16457019383897,48.61057520292407,13.553994990914894,6.175298804780871,32.74906367041199,1783.0,1.5406834368281608,12.460970540911593
2019,KİLİS,6515,8843,-2328,142490,80,45.72250684258544,62.06049547336656,-16.33798863078111,27.623033626785976,-26.475567091750364,-4260.0,27.668712444351897,-29.891983621696003
2020,KİLİS,5035,6432,-1397,142792,80,35.261079052047734,45.044540310381535,-9.783461258333801,-27.264502996720573,-22.7168073676132,931.0,-27.41833598522827,6.554527372447307
2021,KİLİS,7474,7262,212,145826,80,51.25286300111091,49.79907561065928,1.453787390451634,12.9042288557214,48.440913604766635,1609.0,10.555186638638991,11.237248648785435
2022,KİLİS,8008,7629,379,147919,80,54.137737545548575,51.57552444243133,2.5622131031172466,5.053704213715227,7.144768530907153,167.0,3.5672325439547015,1.1084257126656125
2023,KİLİS,12750,7604,5146,155179,80,82.16317929616766,49.001475715141865,33.16170358102578,-0.3276969458644641,59.21578421578422,4767.0,-4.990833840502429,30.599490477908535
2024,KİLİS,7503,8041,-538,156739,80,47.869387963429645,51.30184574356095,-3.432457780131301,5.74697527617043,-41.15294117647059,-5684.0,4.69449132877493,-36.594161361157084
2008,MALATYA,25500,27830,-2330,733789,80,34.75113418162442,37.92643389312186,-3.1752997114974466,,,,,
2009,MALATYA,25806,28208,-2402,736884,80,35.02043740941586,38.280109216647396,-3.259671807231532,1.3582464965864238,1.200000000000001,-72.0,0.9325298669582427,-0.08437209573408522
2010,MALATYA,25320,30931,-5611,740643,80,34.18651091011459,41.76236054347371,-7.575849633359122,9.653289846851965,-1.8832829574517596,-3209.0,9.096764345990781,-4.316177826127591
2011,MALATYA,32925,29515,3410,757930,80,43.440687134695814,38.94159091208951,4.499096222606309,-4.577931525007273,30.035545023696674,9021.0,-6.754334751858293,12.074945855965431
2012,MALATYA,24270,28545,-4275,762366,80,31.835102824627544,37.442645658384556,-5.607542833757014,-3.2864645095714073,-26.287015945330296,-7685.0,-3.8492142169764376,-10.106639056363324
2013,MALATYA,25876,33194,-7318,762538,80,33.93404656554821,43.530945343051755,-9.596898777503547,16.286565072692238,6.617222908941089,-3043.0,16.26033518094585,-3.989355943746533
2014,MALATYA,29285,31476,-2191,769544,80,38.05500400237023,40.90214464669986,-2.8471406443296288,-5.17563415075013,13.174370072654206,5127.0,-6.038923978414113,6.749758133173918
2015,MALATYA,26925,31368,-4443,772904,80,34.83615041454049,40.584600416093075,-5.748450001552586,-0.3431185665268788,-8.058733139832675,-2252.0,-0.7763510528595363,-2.901309357222957
2016,MALATYA,27777,27613,164,781305,80,35.552057135177684,35.34215191250536,0.20990522267232387,-11.970798265748538,3.1643454038997154,4607.0,-12.917334284037752,5.95835522422491
2017,MALATYA,27523,28222,-699,786676,80,34.98644931331323,35.87499809324296,-0.8885487799297296,2.2054829247093677,-0.914425603916913,-863.0,1.507678938330459,-1.0984540026020535
2018,MALATYA,36901,35234,1667,797036,80,46.29778328707863,44.20628428326951,2.091499003809113,24.845864928070306,34.07332049558551,2366.0,23.22309862811045,2.9800477837388426
2019,MALATYA,29880,33272,-3392,800165,80,37.342298151006354,41.58142383133479,-4.239125680328432,-5.568484986092981,-19.026584645402565,-5059.0,-5.937754087438963,-6.330624684137545
2020,MALATYA,24198,23329,869,806156,80,30.016522856618323,28.93856772138395,1.0779551352343715,-29.883986535224814,-19.01606425702811,4261.0,-30.405058184716317,5.317080815562804
2021,MALATYA,28521,31737,-3216,808692,80,35.26806250092742,39.244854654182305,-3.976792153254886,36.04097903896437,17.865112819241258,-4085.0,35.6143643045008,-5.054747288489258
2022,MALATYA,28684,30104,-1420,812580,80,35.299908932043614,37.04742917620419,-1.747520244160575,-5.1454138702460845,0.5715087128782326,1796.0,-5.599270266997758,2.229271909094311
2023,MALATYA,34414,102621,-68207,742725,80,46.33478070618331,138.16823184893468,-91.83345114275134,240.8882540526176,19.976293403988276,-66787.0,272.9495809055519,-90.08593089859077
2024,MALATYA,36932,31790,5142,750491,80,49.210450225252536,42.35893568343924,6.851514541813293,-69.02193508151353,7.316789678619173,73349.0,-69.34249275929642,98.68496568456463
2008,MANİSA,38301,35458,2843,1316750,80,29.087526105942665,26.928422251756217,2.159103854186444,,,,,
2009,MANİSA,28781,34262,-5481,1331957,80,21.608054914685685,25.723052621068096,-4.114997706382413,-3.3730046815951265,-24.855747891699952,-8324.0,-4.476198491760908,-6.274101560568857
2010,MANİSA,32094,35497,-3403,1379484,80,23.265220908687596,25.732085330456897,-2.466864421769299,3.6045764987449713,11.511066328480602,2078.0,0.03511523115806714,1.6481332846131136
2011,MANİSA,33312,36021,-2709,1340074,80,24.858328719160287,26.879858873465196,-2.0215301543049113,1.4761810857255586,3.7951018882034004,694.0,4.4604762041954515,0.44533426746438787
2012,MANİSA,32211,34054,-1843,1346162,80,23.92802649309667,25.29710391468486,-1.3690774215881893,-5.460703478526419,-3.3051152737752165,866.0,-5.8882562078581895,0.652452732716722
2013,MANİSA,36257,36989,-732,1359463,80,26.670089586844217,27.208537488699584,-0.538447901855365,8.618664474070602,12.560926391605353,1111.0,7.555938341642121,0.8306295197328244
2014,MANİSA,35570,38432,-2862,1367905,80,26.003267770788177,28.09551832912373,-2.092250558335557,3.90115980426613,-1.8948065201202513,-2130.0,3.25993574918364,-1.553802656480192
2015,MANİSA,39558,36736,2822,1380366,80,28.657616892911008,26.61323156322309,2.0443853296879233,-4.412989175686932,11.211695248805164,5684.0,-5.275883322515917,4.136635888023481
2016,MANİSA,39999,35685,4314,1396945,80,28.633196009864385,25.545028616015664,3.0881673938487197,-2.8609538327526107,1.1148187471560655,1492.0,-4.013803978181962,1.0437820641607964
2017,MANİSA,40257,36021,4236,1413041,80,28.489619197178286,25.49182932413143,2.9977898730468544,0.9415720891130741,0.6450161254031306,-78.0,-0.20825692812448393,-0.09037752080186534
2018,MANİSA,41189,39056,2133,1429643,80,28.81068910210451,27.318708236951462,1.4919808651530488,8.42564059853974,2.315125319820166,-2103.0,7.166527319758287,-1.5058090078938056
2019,MANİSA,40857,37164,3693,1440611,80,28.360882986455053,25.79738735855828,2.563495627896774,-4.84432609586235,-0.8060404476923466,1560.0,-5.5687877523265765,1.0715147627437254
2020,MANİSA,37003,29833,7170,1450616,80,25.50847364154263,20.5657458624474,4.942727779095226,-19.726079001183937,-9.43290011503537,3477.0,-20.279733848223515,2.379232151198452
2021,MANİSA,43325,40605,2720,1456626,80,29.743393293817356,27.87606427456327,1.8673290192540846,36.107666007441416,17.085101208010165,-4450.0,35.546089410082374,-3.075398759841142
2022,MANİSA,43466,37527,5939,1468279,80,29.6033655728918,25.558493991945674,4.044871580946128,-7.580347247875874,0.3254472013848764,3219.0,-8.313836055875235,2.177542561692044
2023,MANİSA,46467,42259,4208,1475716,80,31.48776593870365,28.63626876716116,2.851497171542492,12.60958776347696,6.904246997653329,-1731.0,12.04208188551874,-1.1933744094036363
2024,MANİSA,37649,37328,321,1475353,80,25.51863859022214,25.301063542081113,0.21757504814102116,-11.668520315199126,-18.976908343555642,-3887.0,-11.646786989598013,-2.633922123401471
2008,MARDİN,27606,41432,-13826,750697,80,36.77382485876459,55.19137548171899,-18.4175506229544,,,,,
2009,MARDİN,18296,40308,-22012,737852,80,24.796300613131088,54.62884155630127,-29.832540943170176,-2.71287893415717,-33.72455263348547,-8186.0,-1.0192424459579796,-11.414990320215775
2010,MARDİN,25478,30495,-5017,744606,80,34.21675355825766,40.95454508827488,-6.737791530017217,-24.345043167609404,39.254481853957145,16995.0,-25.031276663506517,23.09474941315296
2011,MARDİN,25447,31302,-5855,764033,80,33.30615300648009,40.969434566308,-7.663281559827913,2.6463354648303072,-0.12167360075359124,-838.0,0.03635610651036014,-0.9254900298106961
2012,MARDİN,21676,30299,-8623,773026,80,28.040454008015253,39.195318139364005,-11.154864131348752,-3.2042680978851212,-14.819035642708378,-2768.0,-4.330341499032975,-3.491582571520839
2013,MARDİN,22596,29525,-6929,779738,80,28.978964729178262,37.865282954017886,-8.886318224839625,-2.554539753787255,4.244325521313885,1694.0,-3.3933521871592154,2.268545906509127
2014,MARDİN,22207,30796,-8589,788996,80,28.14589681063022,39.03188355834504,-10.885986747714817,4.304826418289576,-1.721543636041778,-1660.0,3.080924037313615,-1.9996685228751918
2015,MARDİN,24255,34592,-10337,796591,80,30.448498664935958,43.42504497289073,-12.976546307954774,12.326276139758408,9.22231728734182,-1748.0,11.255314922168115,-2.0905595602399565
2016,MARDİN,21439,38823,-17384,796237,80,26.925400351905274,48.75809589355933,-21.832695541654054,12.231151711378363,-11.609977324263044,-7047.0,12.281048698966002,-8.85614923369928
2017,MARDİN,28303,30782,-2479,809719,80,34.954101361089464,38.015657283576154,-3.06155592248669,-20.71194910233625,32.01641867624423,14905.0,-22.032112643271184,18.771139619167364
2018,MARDİN,30216,31738,-1522,829195,80,36.44016184371589,38.2756770120418,-1.8355151683259063,3.1057111298810947,6.759000812634697,957.0,0.6839806202113996,1.2260407541607836
2019,MARDİN,27395,32544,-5149,838778,80,32.66060864734173,38.79930088771999,-6.138692240378265,2.539542504253567,-9.336113317447714,-3627.0,1.3680329560557647,-4.3031770720523586
2020,MARDİN,25373,24744,629,854716,80,29.685883966136117,28.949967006584643,0.7359169595514767,-23.96755162241888,-7.380908924986307,5778.0,-25.385338539057713,6.874609199929742
2021,MARDİN,28641,35957,-7316,862757,80,33.197064758674806,41.67685686699731,-8.479792108322505,45.316036210798586,12.879832893232956,-7945.0,43.9616731083595,-9.21570906787398
2022,MARDİN,28747,36382,-7635,870374,80,33.02833034994152,41.80042142802979,-8.77209107808827,1.1819673498901562,0.3700988093991109,-319.0,0.29648243730762136,-0.2922989697657652
2023,MARDİN,37903,33904,3999,888874,80,42.64158924661988,38.14263888920139,4.498950357418487,-6.811060414490678,31.850280029220436,11634.0,-8.750587706696244,13.271041435506756
2024,MARDİN,26712,31788,-5076,895911,80,29.815461580447163,35.48120293198767,-5.6657413515404995,-6.241151486550256,-29.5253673851674,-9075.0,-6.977587379165861,-10.164691708958987
2008,MERSİN,46776,50110,-3334,1602908,80,29.18196178445675,31.26193143960851,-2.0799696551517615,,,,,
2009,MERSİN,48377,49209,-832,1640888,80,29.482207195128492,29.989249723320544,-0.5070425281920521,-1.7980443025344295,3.4226953993500953,2502.0,-4.071027149255057,1.5729271269597094
2010,MERSİN,50430,51739,-1309,1647899,80,30.60260367898761,31.396948478031725,-0.7943447990441161,5.141335934483537,4.243752196291628,-477.0,4.6940112463584205,-0.28730227085206406
2011,MERSİN,51328,54630,-3302,1667939,80,30.773307656934698,32.75299636257681,-1.9796887056421126,5.587661145364242,1.7806860995439155,-1993.0,4.319043570409087,-1.1853439065979965
2012,MERSİN,46721,53523,-6802,1682848,80,27.763054060735133,31.805011504306986,-4.0419574435718495,-2.0263591433278383,-8.9756078553616,-3500.0,-2.8943454448429606,-2.062268737929737
2013,MERSİN,51468,55482,-4014,1705774,80,30.17281304557345,32.52599699608506,-2.353183950511615,3.660108738299428,10.160313349457418,2788.0,2.2668927243759684,1.6887734930602343
2014,MERSİN,55598,54843,755,1727255,80,32.188646146631505,31.751536397347234,0.437109749284269,-1.1517248837460747,8.024403512862355,4769.0,-2.3810510676461227,2.790293699795884
2015,MERSİN,56171,58404,-2233,1745221,80,32.185608584815334,33.465102700460285,-1.2794941156449529,6.493080247251237,1.0306126119644654,-2988.0,5.3967980688210515,-1.716603864929222
2016,MERSİN,54962,52763,2199,1773852,80,30.984546625084842,29.74487161273883,1.2396750123460132,-9.658585028422706,-2.15235619803813,4432.0,-11.116747858270537,2.519169127990966
2017,MERSİN,54492,55393,-901,1793931,80,30.375750237885402,30.87799920955711,-0.5022489716717087,4.984553569736372,-0.8551362759724901,-3100.0,3.8094889484511896,-1.7419239840177219
2018,MERSİN,55779,61917,-6138,1814468,80,30.741242061033866,34.12405178818254,-3.3828097271486737,11.777661437365738,2.361814578286725,-5237.0,10.512509429758454,-2.880560755476965
2019,MERSİN,55429,54452,977,1840425,80,30.117500033959548,29.58664438920358,0.5308556447559667,-12.05646268391557,-0.6274762903601738,7115.0,-13.296801409000036,3.9136653719046404
2020,MERSİN,53325,40242,13083,1868757,80,28.53501016986157,21.534099939157418,7.000910230704153,-26.09637846176449,-3.795846939327785,12106.0,-27.216822374708382,6.470054585948186
2021,MERSİN,57213,57930,-717,1891145,80,30.25310063480061,30.632236026322676,-0.3791353915220673,43.954077829133745,7.291139240506328,-13800.0,42.24990184345383,-7.38004562222622
2022,MERSİN,60984,57001,3983,1916432,80,31.821635205423416,29.743293787621997,2.0783414178014143,-1.6036595891593342,6.591159351895559,4700.0,-2.901982858635588,2.457476809323482
2023,MERSİN,80493,67409,13084,1938389,80,41.525720585496515,34.775785458955866,6.749935126540648,18.259328783705552,31.990358126721773,9101.0,16.919752423076282,4.671593708739234
2024,MERSİN,60574,54703,5871,1954279,80,30.995574326900098,27.991397338865124,3.0041769880349736,-18.849115103324475,-24.746251226814753,-7213.0,-19.508942876640468,-3.7457581385056744
2008,MUĞLA,35907,24959,10948,791424,80,45.37011766132945,31.536824761442663,13.833292899886787,,,,,
2009,MUĞLA,28390,26613,1777,802381,80,35.38219374586387,33.16753512358842,2.2146586222754525,6.626868063624336,-20.934636700364827,-9171.0,5.170813404586894,-11.618634277611335
2010,MUĞLA,35129,28850,6279,817503,80,42.97109613053408,35.29039037165613,7.680705758877949,8.405666403637312,23.737231419513915,4502.0,6.400400995001743,5.466047136602496
2011,MUĞLA,35409,29604,5805,838324,80,42.23784598794738,35.313315615442235,6.924530372505141,2.61351819757365,0.7970622562555096,-474.0,0.06496171774998949,-0.7561753863728073
2012,MUĞLA,33213,28301,4912,851145,80,39.02155331935217,33.25050373320645,5.771049586145722,-4.401432238886638,-6.201813098364828,-893.0,-5.84145625038317,-1.1534807863594194
2013,MUĞLA,35246,30687,4559,866665,80,40.66853974719182,35.40814501566349,5.26039473152833,8.430797498321606,6.121097160750311,-353.0,6.489048405911091,-0.5106548546173917
2014,MUĞLA,48219,29671,18548,894509,80,53.905550419280296,33.17015256414413,20.73539785513617,-3.310848241926545,36.80701356182261,13989.0,-6.320558308065394,15.475003123607841
2015,MUĞLA,42112,37663,4449,908877,80,46.33410241429809,41.439050608608206,4.895051805689879,26.935391459674427,-12.665132001907963,-14099.0,24.928730817483434,-15.840346049446293
2016,MUĞLA,39076,31520,7556,923773,80,42.30043528009587,34.12093663703096,8.179498643064909,-16.310437299206114,-7.209346504559266,3107.0,-17.659946026989925,3.2844468373750297
2017,MUĞLA,42450,33289,9161,938751,80,45.21965888718094,35.460947578218295,9.758711308962654,5.612309644670055,8.634455932029894,1605.0,3.927239616667033,1.579212665897746
2018,MUĞLA,52642,34302,18340,967487,80,54.411067022089185,35.454739960330215,18.95632706175897,3.043047252846276,24.009422850412253,9179.0,-0.017505504821568874,9.197615752796315
2019,MUĞLA,42987,36210,6777,983142,80,43.724100892851695,36.83089523181799,6.893205661033706,5.562357880007007,-18.340868508035413,-11563.0,3.8814422924199565,-12.063121400725263
2020,MUĞLA,41468,28088,13380,1000773,80,41.435969995193716,28.06630474643101,13.369665248762706,-22.430267881800603,-3.533626445204363,6603.0,-23.796843465850117,6.476459587729
2021,MUĞLA,49545,35133,14412,1021141,80,48.51925444184496,34.40563056424138,14.113623877603583,25.08188550270578,19.477669528310983,1032.0,22.58696281923789,0.7439586288408773
2022,MUĞLA,49179,36702,12477,1048185,80,46.91824439388085,35.01481131670459,11.903433077176262,4.465886773119299,-0.7387223735997539,-1935.0,1.7705844725785846,-2.2101908004273216
2023,MUĞLA,63562,40554,23008,1066736,80,59.585501942373746,38.01690390124642,21.568598041127323,10.49534085335948,29.24622298135382,10531.0,8.573779128461624,9.665164963951062
2024,MUĞLA,48895,36378,12517,1081867,80,45.19501935080745,33.62520531636513,11.569814034442311,-10.297381269418548,-23.07510776879268,-10491.0,-11.551962769743863,-9.998784006685012
2008,MUŞ,10058,25896,-15838,404309,80,24.877012384092367,64.05002114719188,-39.17300876309951,,,,,
2009,MUŞ,10158,20182,-10024,404484,80,25.11347791259976,49.8956695444072,-24.78219163180744,-22.065183812171764,0.9942334460131264,5814.0,-22.098902309894473,14.39081713129207
2010,MUŞ,11782,17841,-6059,406886,80,28.956513618065014,43.847662490230675,-14.891148872165667,-11.599445050044599,15.987399094309907,3965.0,-12.121306537020793,9.891042759641772
2011,MUŞ,12895,18663,-5768,414706,80,31.094317420051794,45.00296595660541,-13.908648536553606,4.607365058012447,9.446613478187071,291.0,2.634811984862684,0.9825003356120607
2012,MUŞ,9914,20646,-10732,413260,80,23.989740115181725,49.95886366936069,-25.969123554178967,10.625301398488984,-23.117487398216362,-4964.0,11.012380200749572,-12.060475017625361
2013,MUŞ,11070,20193,-9123,412553,80,26.83291601321527,48.946438397005956,-22.11352238379069,-2.1941296134844523,11.660278394190037,1609.0,-2.0265178148470286,3.855601170388276
2014,MUŞ,12077,22688,-10611,411216,80,29.368993424380374,55.17295046885335,-25.803957044472977,12.355766849898476,9.096657633242987,-1488.0,12.721072821160107,-3.6904346606822855
2015,MUŞ,12752,23855,-11103,408728,80,31.19923274157875,58.363997572958056,-27.164764831379305,5.143688293370952,5.58913637492755,-492.0,5.783716616544088,-1.360807786906328
2016,MUŞ,11309,21683,-10374,406501,80,27.820349765437232,53.340582187989696,-25.520232422552464,-9.10500943198491,-11.315872020075279,729.0,-8.60704474310353,1.6445324088268407
2017,MUŞ,13094,22243,-9149,404544,80,32.36730738807151,54.98289432051891,-22.615586932447396,2.5826684499377306,15.783888938013968,1225.0,3.0789167743635826,2.904645490105068
2018,MUŞ,15742,20789,-5047,407992,80,38.58408988411537,50.954430479029,-12.370340594913626,-6.536888009710918,20.223002902092556,4102.0,-7.326758424186009,10.24524633753377
2019,MUŞ,13396,20063,-6667,408809,80,32.76835881793209,49.076708193802,-16.308349375869906,-3.49223146856511,-14.902807775377969,-1620.0,-3.685101114023448,-3.938008780956279
2020,MUŞ,11720,16548,-4828,411117,80,28.507699754571085,40.25131531899678,-11.7436155644257,-17.519812590340422,-12.511197372349958,1839.0,-17.982854188088748,4.564733811444206
2021,MUŞ,12190,24243,-12053,405228,80,30.08183047568283,59.825579673665196,-29.74374919798237,46.50108774474258,4.010238907849839,-7225.0,48.63012351159182,-18.000133633556672
2022,MUŞ,13847,24941,-11094,399202,80,34.68669996643303,62.47714189808668,-27.79044193165365,2.879181619436544,13.593109105824453,959.0,4.432154671772759,1.9533072663287214
2023,MUŞ,18904,22595,-3691,399879,80,47.27430047589395,56.50459263927338,-9.230292163379422,-9.406198628763885,36.52054596663537,7403.0,-9.559575033947254,18.56014976827423
2024,MUŞ,12009,22879,-10870,392301,80,30.611698670153785,58.32001447867837,-27.708315808524578,1.2569152467360123,-36.4737621667372,-7179.0,3.212874838324531,-18.478023645145157
2008,NEVŞEHİR,9531,10882,-1351,281699,80,33.83398592114278,38.629885090113916,-4.795899168971136,,,,,
2009,NEVŞEHİR,8965,10667,-1702,284025,80,31.56412287650735,37.55655312032392,-5.992430243816566,-1.9757397537217392,-5.9385164201028235,-351.0,-2.7785015857183626,-1.1965310748454296
2010,NEVŞEHİR,9231,12366,-3135,282337,80,32.6949709035656,43.798722802891575,-11.103751899325982,15.92762726164807,2.967094255437819,-1433.0,16.620720390843523,-5.111321655509416
2011,NEVŞEHİR,8995,11374,-2379,283247,80,31.75673528757586,40.15576510960399,-8.399029822028123,-8.021995794921555,-2.5566027515978806,756.0,-8.317497543665997,2.704722077297859
2012,NEVŞEHİR,10214,10859,-645,285190,80,35.81472001122059,38.076370139205444,-2.2616501279848524,-4.527870582029192,13.55197331851028,1734.0,-5.178322377180211,6.13737969404327
2013,NEVŞEHİR,10322,12147,-1825,285460,80,36.159181671687804,42.55237161073355,-6.393189939045751,11.861129017404926,1.0573722341883585,-1180.0,11.755326085874396,-4.1315398110608985
2014,NEVŞEHİR,10164,13165,-3001,286250,80,35.507423580786025,45.991266375545855,-10.483842794759825,8.38067012431052,-1.5307111024995157,-1176.0,8.081558405888867,-4.090652855714074
2015,NEVŞEHİR,11144,11955,-811,286767,80,38.86081731858965,41.688897258052705,-2.8280799394630485,-9.191036840106348,9.641873278236911,2190.0,-9.354752448783998,7.655762855296777
2016,NEVŞEHİR,11703,11091,612,290895,80,40.231011189604494,38.12715928427783,2.1038519053266644,-7.227101631116684,5.01615218951903,1423.0,-8.543612827482217,4.9319318447897125
2017,NEVŞEHİR,11006,12076,-1070,292365,80,37.6447249157731,41.304533716416124,-3.659808800643032,8.881074745288963,-5.955737844997011,-1682.0,8.333624879964564,-5.763660705969697
2018,NEVŞEHİR,13120,12315,805,298339,80,43.97681831741743,41.278545547179554,2.698272770237884,1.9791321629678782,19.207704888242773,1875.0,-0.06291844235549737,6.358081570880916
2019,NEVŞEHİR,12571,11899,672,303010,80,41.4870796343355,39.269331045180024,2.2177485891554736,-3.3779943158749437,-4.184451219512198,-133.0,-4.867454691936968,-0.48052418108241035
2020,NEVŞEHİR,9309,8958,351,304962,80,30.525114604442518,29.374151533633697,1.1509630708088219,-24.716362719556262,-25.948611884496064,-321.0,-25.19823803507566,-1.0667855183466517
2021,NEVŞEHİR,13646,12396,1250,308003,80,44.30476326529287,40.246361236741194,4.0584020285516695,38.37910247823175,46.58932216134923,899.0,37.0128467903446,2.9074389577428477
2022,NEVŞEHİR,12803,12029,774,310011,80,41.29853456812823,38.80184896664957,2.496685601478657,-2.960632462084545,-6.177634471640037,-476.0,-3.5891748364394127,-1.5617164270730126
2023,NEVŞEHİR,19072,13307,5765,315994,80,60.35557637170326,42.1115590802357,18.24401729146756,10.62432454900657,48.96508630789658,4991.0,8.529774229137498,15.747331689988904
2024,NEVŞEHİR,14417,13133,1284,317952,80,45.34332226247987,41.304976851851855,4.038345410628019,-1.307582475388891,-24.407508389261746,-4481.0,-1.915346394197981,-14.205671880839542
2008,NİĞDE,15150,13991,1159,338447,80,44.76328642298499,41.33882114481736,3.4244652781676304,,,,,
2009,NİĞDE,12588,15778,-3190,339921,80,37.03213393700301,46.41666740213167,-9.384533465128662,12.772496604960338,-16.910891089108915,-4349.0,12.283481039591582,-12.808998743296293
2010,NİĞDE,12602,17666,-5064,337931,80,37.29163645833025,52.276944109892256,-14.985307651562005,11.966028647483839,0.11121703209406864,-1874.0,12.625371522237838,-5.600774186433343
2011,NİĞDE,11769,17023,-5254,337553,80,34.86563591495261,50.43059904666823,-15.564963131715611,-3.639759990943059,-6.6100618949373136,-190.0,-3.5318534674536384,-0.5796554801536065
2012,NİĞDE,12359,13514,-1155,340270,80,36.321156728480325,39.715520028212886,-3.3943632997325652,-20.613287904599666,5.01317019287959,4099.0,-21.247177747263446,12.170599831983047
2013,NİĞDE,14731,15493,-762,343658,80,42.865290492291756,45.082611200670435,-2.217320708378679,14.644072813378717,19.192491301885273,393.0,13.513838339885531,1.1770425913538864
2014,NİĞDE,13785,17946,-4161,343898,80,40.08455995673136,52.18407783703308,-12.099517880301718,15.832956819208665,-6.421831511777887,-3399.0,15.752119159098399,-9.882197171923039
2015,NİĞDE,13878,15959,-2081,346114,80,40.09661556596959,46.10908544583577,-6.012469879866171,-11.072105204502392,0.6746463547333992,2080.0,-11.641467365139713,6.087048000435547
2016,NİĞDE,14823,13589,1234,351468,80,42.17453651541534,38.663548317343256,3.510988198072086,-14.850554546024187,6.809338521400776,3315.0,-16.147657357547818,9.523458077938258
2017,NİĞDE,13948,15667,-1719,352727,80,39.5433295438115,44.416786920196074,-4.87345737638457,15.291780116270504,-5.902988598799164,-2953.0,14.880265400452375,-8.384445574456656
2018,NİĞDE,22654,15676,6978,364707,80,62.11561609730551,42.98244892475329,19.133167172552213,0.05744558626412655,62.41755090335532,8697.0,-3.2292700460748502,24.006624548936784
2019,NİĞDE,14055,20769,-6714,362861,80,38.73384023083219,57.23679315219878,-18.50295292136658,32.489155396784895,-37.95797651628852,-13692.0,33.163173769832625,-37.63612009391879
2020,NİĞDE,11349,13588,-2239,362071,80,31.344681015601914,37.52855103004659,-6.183870014444681,-34.57556935817805,-19.252934898612594,4475.0,-34.43282028352961,12.319082906921901
2021,NİĞDE,16287,16506,-219,363725,80,44.77833528077531,45.380438518111205,-0.6021032373358994,21.474830732999695,43.51044144858578,2020.0,20.92243711135593,5.581766777108781
2022,NİĞDE,15801,15661,140,365419,80,43.24077292094828,42.857651079993104,0.3831218409551775,-5.119350539197864,-2.983974949346102,359.0,-5.559195813216444,0.985225078291077
2023,NİĞDE,26089,15991,10098,377080,80,69.18690993953537,42.4074466956614,26.77946324387398,2.1071451376029726,65.10980317701411,9958.0,-1.0504644398065754,26.396341402918804
2024,NİĞDE,13271,18496,-5225,372708,80,35.60696309175011,49.62598066046342,-14.01901756871331,15.6650615971484,-49.1318180075894,-15323.0,17.021854714824247,-40.798480812587286
2008,ORDU,27719,31458,-3739,719278,80,38.53725541445727,43.73552367791035,-5.198268263453073,,,,,
2009,ORDU,30335,31296,-961,723507,80,41.92772150096682,43.25597402651253,-1.32825252554571,-0.5149723440778131,9.437569897903963,2778.0,-1.0964762990594457,3.870015737907363
2010,ORDU,27896,36241,-8345,719183,80,38.78845857034997,50.391903034415435,-11.603444464065474,15.800741308793453,-8.04021757046316,-7384.0,16.496979130626286,-10.275191938519765
2011,ORDU,23963,34472,-10509,714390,80,33.543302677809045,48.25375495177704,-14.710452273968,-4.88121188708921,-14.098795526240327,-2164.0,-4.243038968340085,-3.1070078099025267
2012,ORDU,48240,26595,21645,741371,80,65.06863635076095,35.87272768964527,29.19590866111569,-22.850429333952192,101.31035346158663,32154.0,-25.658163337764904,43.90636093508369
2013,ORDU,30792,46332,-15540,731452,80,42.09708907761548,63.34250231047287,-21.245413232857384,74.21319796954316,-36.169154228855724,-37185.0,76.57565061258724,-50.441321893973075
2014,ORDU,28555,39937,-11382,724268,80,39.42601357508547,55.14119082991379,-15.715177254828323,-13.802555469222133,-7.264873993245002,4158.0,-12.947564717857851,5.5302359780290615
2015,ORDU,29835,32600,-2765,728949,80,40.928789256861585,44.721921561041995,-3.793132304180402,-18.371435010140967,4.482577482052186,8617.0,-18.895618886814823,11.922044950647921
2016,ORDU,42995,27229,15766,750588,80,57.2817577685761,36.276892249809485,21.00486551876662,-16.47546012269938,44.1092676386794,18531.0,-18.88342230488842,24.797997822947025
2017,ORDU,28111,40305,-12194,742341,80,37.86804177594933,54.29445497419649,-16.426413198247165,48.02232913437878,-34.61797883474823,-27960.0,49.66677575442431,-37.43127871701378
2018,ORDU,54813,30152,24661,771932,80,71.00754988781395,39.06043537513667,31.94711451267728,-25.190423024438658,94.98772722421829,36855.0,-28.05814996448497,48.37352771092445
2019,ORDU,25386,46640,-21254,754198,80,33.65959602120398,61.840524636766474,-28.18092861556249,54.68293977182277,-53.68616933939029,-45915.0,58.32011098404224,-60.12804312823977
2020,ORDU,26898,21406,5492,761400,80,35.32702915681639,28.114000525348043,7.213028631468348,-54.10377358490565,5.956038761522109,26746.0,-54.537901011542786,35.39395724703084
2021,ORDU,27516,28547,-1031,760872,80,36.163769990221745,37.51879422557276,-1.3550242353510182,33.359805661963925,2.2975685924603972,-6523.0,33.45234945039288,-8.568052866819366
2022,ORDU,28878,27184,1694,763190,80,37.838546102543276,35.618915342182156,2.219630760361116,-4.774582267839,4.949847361535098,2725.0,-5.063805814142208,3.574654995712134
2023,ORDU,43974,29843,14131,775800,80,56.68213457076566,38.467388502191284,18.214746068574375,9.781489111241903,52.275088302514014,12437.0,7.997080013932334,15.995115308213258
2024,ORDU,24324,29933,-5609,770711,80,31.56046819105994,38.83816372155062,-7.277695530490677,0.30157825955836604,-44.68549597489425,-19740.0,0.9638689648459486,-25.492441599065053
2008,OSMANİYE,17464,16338,1126,464704,80,37.58091172014874,35.15786393058808,2.4230477895606666,,,,,
2009,OSMANİYE,15167,16319,-1152,471804,80,32.14682368102009,34.58851557002484,-2.441691889004756,-0.11629330395397375,-13.152771415483278,-2278.0,-1.6194054385309076,-4.864739678565423
2010,OSMANİYE,16868,16928,-60,479221,80,35.19879137183053,35.32399456618136,-0.12520319435083188,3.731846314112386,11.215138128832326,1092.0,2.126367622419467,2.3164886946539243
2011,OSMANİYE,15675,18420,-2745,485357,80,32.29581524527306,37.95144604899074,-5.655630803717676,8.813799621928165,-7.072563433720658,-2685.0,7.43814937998224,-5.530427609366844
2012,OSMANİYE,15343,17340,-1997,492135,80,31.17640484826318,35.234234508823796,-4.057829660560619,-5.863192182410426,-2.118022328548641,748.0,-7.1597048941411945,1.5978011431570573
2013,OSMANİYE,17338,17605,-267,498981,80,34.74681400694615,35.281904521414646,-0.5350905144684868,1.5282583621683887,13.002672228377765,1730.0,0.13529458850287668,3.522739146092132
2014,OSMANİYE,17880,18214,-334,506807,80,35.27970213513231,35.9387301280369,-0.6590279929045968,3.459244532803174,3.126081439612416,-67.0,1.8616500881452946,-0.12393747843611003
2015,OSMANİYE,18567,19303,-736,512873,80,36.20194473095679,37.63699785326972,-1.4350531223129313,5.978917316350052,3.84228187919462,-402.0,4.7254527891845255,-0.7760251294083345
2016,OSMANİYE,19558,17683,1875,522175,80,37.45487623880883,33.86412601139465,3.590750227414181,-8.392477853183443,5.337426617116381,2611.0,-10.024369787898202,5.025803349727113
2017,OSMANİYE,18842,19008,-166,527724,80,35.70426965610812,36.01882802373968,-0.314558367631565,7.493072442458848,-3.6609060231107438,-2041.0,6.362786423662636,-3.9053085950457462
2018,OSMANİYE,19965,20900,-935,534415,80,37.35860707502596,39.10818371490321,-1.749576639877249,9.953703703703699,5.960089162509297,-769.0,8.577057779690577,-1.4350182722456841
2019,OSMANİYE,18126,21459,-3333,538759,80,33.64398552970809,39.83042510658755,-6.186439576879458,2.674641148325363,-9.211119459053341,-2398.0,1.8467781499377223,-4.436862937002209
2020,OSMANİYE,17734,14954,2780,548556,80,32.32851340610621,27.26066253946726,5.067850866638957,-30.31362132438604,-2.162639302659164,6113.0,-31.558193349639595,11.254290443518414
2021,OSMANİYE,18648,22445,-3797,553012,80,33.72078725235619,40.5868227090913,-6.8660354567351165,50.09362043600374,5.153941581143573,-6577.0,48.884212371327315,-11.933886323374074
2022,OSMANİYE,20565,21827,-1262,559405,80,36.762274202053966,39.018242597045074,-2.2559683949911067,-2.7533971931387846,10.279922779922778,2535.0,-3.8647521716324684,4.61006706174401
2023,OSMANİYE,27059,30896,-3837,557666,80,48.52187510086683,55.4023375999254,-6.880462499058576,41.54945709442435,31.57792365669827,-2575.0,41.99085840970482,-4.62449410406747
2024,OSMANİYE,19752,20460,-708,561061,80,35.2047281846359,36.466623058811784,-1.2618948741758917,-33.777835318487824,-27.00395432203703,3129.0,-34.17854798447911,5.618567624882685
2008,RİZE,13253,13825,-572,319410,80,41.49212610751072,43.282927898312515,-1.7908017908017908,,,,,
2009,RİZE,12428,14575,-2147,319569,80,38.88987980686487,45.60830368402442,-6.718423877159549,5.4249547920433905,-6.22500565909605,-1575.0,5.372501119090334,-4.927622086357758
2010,RİZE,13070,14819,-1749,319637,80,40.890134746603174,46.36196685615244,-5.47183210954927,1.674099485420233,5.1657547473447085,398.0,1.652469202427298,1.246591767610279
2011,RİZE,14558,14560,-2,323012,80,45.069533020445064,45.075724740876495,-0.006191720431439079,-1.7477562588568696,11.384850803366486,1747.0,-2.7743476010557933,5.465640389117831
2012,RİZE,12315,13856,-1541,324152,80,37.99143611638984,42.745378711221896,-4.753942594832054,-4.83516483516484,-15.407336172551178,-1539.0,-5.169847058590604,-4.747750874400615
2013,RİZE,16842,15859,983,328205,80,51.315488795112806,48.32040950015996,2.9950792949528497,14.455831408775976,36.76004872107186,2524.0,13.042417582966603,7.749021889784904
2014,RİZE,17311,17932,-621,329779,80,52.49272997977433,54.375809254076216,-1.883079274301881,13.071442083359596,2.784704904405655,-1604.0,12.531764148017421,-4.8781585692547305
2015,RİZE,15514,18936,-3422,328979,80,47.15802528428866,57.5599050395314,-10.401879755242735,5.598929288422938,-10.380682802842124,-2801.0,5.8557211913429885,-8.518800480940854
2016,RİZE,15006,15604,-598,331048,80,45.328774075058604,47.13515864768855,-1.806384572629951,-17.596113223489652,-3.2744617764599693,2824.0,-18.111125069930655,8.595495182612783
2017,RİZE,14561,16310,-1749,331041,80,43.985488202367684,49.26882168673971,-5.283333484372026,4.524480902332728,-2.965480474476878,-1151.0,4.5266911160715795,-3.476948911742075
2018,RİZE,31266,16413,14853,348608,80,89.68813108132917,47.081535707729024,42.60659537360015,0.6315144083384405,114.72426344344484,16602.0,-4.439493180733766,47.88992885797218
2019,RİZE,15946,23534,-7588,343212,80,46.4610794494365,68.56986352458539,-22.108784075148886,43.386340096265165,-48.99891255677093,-22441.0,45.640668881853784,-64.71537944874903
2020,RİZE,13143,13290,-147,344359,80,38.1665645445596,38.5934446319103,-0.4268800873507009,-43.52851194017167,-17.578076006522014,7441.0,-43.71660865553157,21.681903987798187
2021,RİZE,15956,15605,351,345662,80,46.160700337323746,45.14525750588726,1.01544283143649,17.419112114371703,21.403028227954035,498.0,16.976491568621753,1.4423229187871909
2022,RİZE,14716,16938,-2222,344016,80,42.77708013580764,49.236082042695685,-6.4590019068880515,8.54213393143224,-7.7713712709952425,-2573.0,9.061471265890898,-7.474444738324541
2023,RİZE,24347,18372,5975,350506,80,69.46243430925577,52.415650516681595,17.046783792574164,8.466170740347145,65.44577330796413,8197.0,6.457801559491894,23.505785699462216
2024,RİZE,13448,17592,-4144,346977,80,38.757612176023194,50.70076690962225,-11.943154733599057,-4.245591116917047,-44.76526882162073,-10119.0,-3.271701467319521,-28.98993852617322
2008,SAKARYA,24321,20887,3434,851292,80,28.569515512890995,24.535646993041166,4.033868519849828,,,,,
2009,SAKARYA,25376,21665,3711,861570,80,29.453207516510556,25.145954478452126,4.307253038058429,3.724804902570966,4.337815056946681,277.0,2.487431799063855,0.27338451820860055
2010,SAKARYA,26248,24627,1621,872872,80,30.070846584608052,28.213758718345876,1.8570878662621781,13.671820909300724,3.436317780580067,-2090.0,12.199991225318518,-2.4501651717962503
2011,SAKARYA,28537,24633,3904,888556,80,32.11615249911092,27.72250707890105,4.393645420209868,0.024363503471791503,8.720664431575731,2283.0,-1.7411775734985313,2.5365575539476897
2012,SAKARYA,28457,23787,4670,902267,80,31.539444532494265,26.363593038424323,5.175851494069938,-3.4344172451589383,-0.2803378070575069,766.0,-4.901843966020536,0.7822060738600696
2013,SAKARYA,30770,27170,3600,917373,80,33.5414275327484,29.61717861763972,3.924248915108685,14.22205406314374,8.128052851670953,-1070.0,12.3412069609532,-1.2516025789612528
2014,SAKARYA,32701,28311,4390,932706,80,35.06035127896679,30.35361625206657,4.7067350269002235,4.1994847258005175,6.275593110172251,790.0,2.4865219065405286,0.7824861117915387
2015,SAKARYA,35943,28492,7451,953181,80,37.70847299725865,29.89148965411606,7.816983343142594,0.6393274698880402,9.914069906119071,3061.0,-1.522476248341731,3.1102483162423704
2016,SAKARYA,35228,28965,6263,976948,80,36.05923754386109,29.64845621261316,6.410781331247928,1.6601151200337005,-1.9892607740032875,-1188.0,-0.8130522911876215,-1.406202011894666
2017,SAKARYA,35575,28122,7453,990214,80,35.92657748729063,28.39992163310153,7.526655854189094,-2.9104091144484756,0.9850119223345111,1190.0,-4.211128466717506,1.1158745229411666
2018,SAKARYA,37659,32704,4955,1010700,80,37.26031463342238,32.35777184129811,4.90254279212427,16.29329350686295,5.858046380885451,-2498.0,13.936130737711295,-2.6241130620648248
2019,SAKARYA,35941,31291,4650,1029650,80,34.906036031661245,30.389938328558248,4.5160977031029965,-4.3205724070450096,-4.5619904936403,-305.0,-6.081486458311458,-0.38644508902127317
2020,SAKARYA,30929,24888,6041,1042649,80,29.66386578800728,23.86996966380824,5.793896124199035,-20.462752868236876,-13.945076653404186,1391.0,-21.454366225623488,1.2777984210960387
2021,SAKARYA,40379,31048,9331,1060876,80,38.06194126363496,29.266379859663147,8.795561403971812,24.750883960141422,30.553849138349133,3290.0,22.607528504893605,3.0016652797727765
2022,SAKARYA,41396,31141,10255,1080080,80,38.3267906081031,28.832123546403967,9.494667061699134,0.299536202009798,2.5186359246142764,924.0,-1.4838060441418,0.6991056577273227
2023,SAKARYA,47730,33515,14215,1098115,80,43.46539296886028,30.520482827390573,12.944910141469702,7.623390385665196,15.300995265243023,3960.0,5.855827019710391,3.4502430797705674
2024,SAKARYA,37116,30501,6615,1110735,80,33.41571121824738,27.46019527610096,5.955515942146416,-8.992988214232433,-22.237586423632937,-7600.0,-10.026995865685196,-6.989394199323286
2008,SAMSUN,35404,40633,-5229,1233677,80,28.697949301154193,32.936497965026504,-4.238548663872311,,,,,
2009,SAMSUN,38874,39581,-707,1250076,80,31.097309283595557,31.662874897206247,-0.5655656136106925,-2.5890286220559666,9.80115241215682,4522.0,-3.8669049428771918,3.6729830502616183
2010,SAMSUN,35418,44825,-9407,1252693,80,28.273487598318184,35.78290930020364,-7.509421701885458,13.2487809807736,-8.890260842722641,-8700.0,13.012193037976228,-6.9438560882747655
2011,SAMSUN,35103,43408,-8305,1251729,80,28.043610078539366,34.67843279176243,-6.63482271322307,-3.161182375906302,-0.8893782822293694,1102.0,-3.086603437342428,0.8745989886623882
2012,SAMSUN,32249,41561,-9312,1251722,80,25.76370791597495,33.203059465280624,-7.439351549305677,-4.25497604128271,-8.13035922855596,-1007.0,-4.2544406067631435,-0.8045288360826071
2013,SAMSUN,38644,42504,-3860,1261810,80,30.625846997566985,33.68494464301282,-3.059097645445828,2.2689540675152164,19.830072250302333,5452.0,1.4513276351418414,4.380253903859849
2014,SAMSUN,41057,44519,-3462,1269989,80,32.32862646841823,35.05463433147846,-2.7260078630602314,4.740730284208539,6.244177621364244,398.0,4.066177643993107,0.3330897823855965
2015,SAMSUN,41718,44627,-2909,1279884,80,32.59514143469252,34.868003662831946,-2.272862228139425,0.2425930501583684,1.6099568892028238,553.0,-0.5323994165271406,0.4531456349208063
2016,SAMSUN,41687,41187,500,1295927,80,32.16770697732203,31.7818827758045,0.3858242015175237,-7.708338001658188,-0.07430845198714842,3409.0,-8.850867737854283,2.6586864296569486
2017,SAMSUN,43709,42422,1287,1312990,80,33.289667095712836,32.30946161052255,0.9802054851902908,2.998518950154172,4.850432988701514,787.0,1.659998680505148,0.5943812836727671
2018,SAMSUN,53228,48543,4685,1335716,80,39.84978842807902,36.342306298644324,3.5074821294347003,14.428834095516475,21.77812349859296,3398.0,12.481930948698828,2.5272766442444095
2019,SAMSUN,45973,45020,953,1348542,80,34.09089223769078,33.384203087482625,0.7066891502081507,-7.257483056259395,-13.630044337566694,-3732.0,-8.139558306656081,-2.8007929792265496
2020,SAMSUN,43054,35442,7612,1356079,80,31.748887786036065,26.135645489680172,5.613242296355891,-21.274988893824965,-6.3493789833162895,6659.0,-21.712537450145973,4.90655314614774
2021,SAMSUN,47471,45791,1680,1371274,80,34.61817258986898,33.393034506597516,1.2251380832714687,29.199819423283113,10.259209364983501,-5932.0,27.7681644395696,-4.3881042130844214
2022,SAMSUN,48681,43757,4924,1368488,80,35.572836590456035,31.97470492982036,3.5981316606356795,-4.441920901487196,2.548924606601921,3244.0,-4.247381520529192,2.372993577364211
2023,SAMSUN,65364,50570,14794,1377546,80,47.449595149635655,36.71020786238717,10.739387287248483,15.570080215736915,34.27004375423677,9870.0,14.81015366040288,7.1412556266128036
2024,SAMSUN,46841,43246,3595,1382376,80,33.884413502549236,31.283818584813396,2.6005949177358403,-14.482894997033814,-28.33822899455357,-11199.0,-14.781690416778016,-8.138792369512643
2008,SİNOP,10299,9472,827,200791,80,51.29213958792974,47.17342908795713,4.118710499972608,,,,,
2009,SİNOP,9562,9558,4,201134,80,47.5404456730339,47.520558433681025,0.01988723935286923,0.9079391891891886,-7.156034566462766,-823.0,0.7358577750976147,-4.0988232606197395
2010,SİNOP,11027,9967,1060,202740,80,54.38985893262306,49.16148761961132,5.228371313011738,4.279137894957108,15.321062539217746,1056.0,3.4530932295763206,5.20848407365887
2011,SİNOP,10038,10618,-580,203027,80,49.44169987243076,52.298462766036046,-2.8567628936052842,6.5315541286244505,-8.968894531604244,-1640.0,6.38096058178137,-8.085134206617022
2012,SİNOP,8277,10371,-2094,201311,80,41.11548797631526,51.517304071809285,-10.401816095494036,-2.3262384629873845,-17.5433353257621,-1514.0,-1.493655172469166,-7.545053201888752
2013,SİNOP,12085,9869,2216,204568,80,59.075710766102226,48.24312697978178,10.832583786320441,-4.840420403046963,46.00700736981997,4310.0,-6.355489967921601,21.234399881814475
2014,SİNOP,10783,11950,-1167,204526,80,52.72190332769428,58.42777935323627,-5.7058760255419845,21.086229607863018,-10.773686388084403,-3383.0,21.111095011985405,-16.538459811862424
2015,SİNOP,10059,11274,-1215,204133,80,49.27669705535117,55.228698936477684,-5.952001881126521,-5.65690376569038,-6.71427246591858,-48.0,-5.475272981740298,-0.2461258555845367
2016,SİNOP,10190,9784,406,205478,80,49.59168378123206,47.61580315167561,1.9758806295564488,-13.216249778250845,1.3023163336315813,1621.0,-13.784311293587038,7.92788251068297
2017,SİNOP,11015,10086,929,207427,80,53.10301937549114,48.624335308325335,4.478684067165799,3.08667211774325,8.096172718351324,523.0,2.1180618405976404,2.5028034376093498
2018,SİNOP,20922,9793,11129,219733,80,95.21555706243487,44.567725375796996,50.64783168663788,-2.905016855046594,89.94098955969132,10200.0,-8.342756578173272,46.16914761947208
2019,SİNOP,12926,15642,-2716,218243,80,59.22755827220117,71.6724018639773,-12.44484359177614,59.726335137343,-38.21814358091961,-13845.0,60.81682710892802,-63.09267527841402
2020,SİNOP,10292,11070,-778,216460,80,47.546890880532196,51.141088422803286,-3.5941975422710897,-29.22899884925202,-20.377533653102276,1938.0,-28.64605190731454,8.85064604950505
2021,SİNOP,13211,10548,2663,218408,80,60.487711072854474,48.29493425149261,12.192776821361853,-4.7154471544715415,28.361834434512232,3441.0,-5.565298391345152,15.786974363632943
2022,SİNOP,14155,11291,2864,220799,80,64.10808019963858,51.13700696108226,12.971073238556334,7.043989381873339,7.145560517750349,201.0,5.884825714410846,0.7782964171944808
2023,SİNOP,20887,11499,9388,229716,80,90.92531647773772,50.05746225774434,40.86785421999338,1.842175183774697,47.55916637230661,6524.0,-2.1110830834497274,27.896780981437047
2024,SİNOP,10903,13075,-2172,226957,80,48.03993708059236,57.610031856254714,-9.57009477566235,13.705539612140182,-47.800067027337576,-11560.0,15.087799616413688,-50.43794899565573
2008,SİVAS,18871,30428,-11557,631112,80,29.90119028001369,48.213312375616376,-18.312122095602682,,,,,
2009,SİVAS,23217,28585,-5368,633347,80,36.65763001956274,45.13323659857866,-8.475606579015928,-6.056921256737214,23.03004610248529,6189.0,-6.388434283547473,9.836515516586754
2010,SİVAS,23467,31362,-7895,642224,80,36.54021026931413,48.83342883479907,-12.29321856548494,9.714885429421027,1.076797174484212,-2527.0,8.19837555442886,-3.8176119864690126
2011,SİVAS,22884,30131,-7247,627056,80,36.49434819218698,48.051529687938555,-11.557181495751575,-3.925132325744529,-2.4843397110836496,648.0,-1.60115553119492,0.7360370697333654
2012,SİVAS,21492,27441,-5949,623535,80,34.467992975534656,44.00875652529529,-9.540763549760639,-8.92768245328731,-6.082852648138437,1298.0,-8.413411995202402,2.016417945990936
2013,SİVAS,26354,30244,-3890,623824,80,42.245889866372565,48.481623021877965,-6.2357331555053985,10.214642323530487,22.622371114833427,2059.0,10.163582999696352,3.3050303942552404
2014,SİVAS,29726,34855,-5129,623116,80,47.70540316730753,55.93661533326058,-8.231212165953048,15.245999206454176,12.795021628595272,-1239.0,15.376944596137921,-1.9954790104476494
2015,SİVAS,25319,33501,-8182,618617,80,40.92839349710726,54.15467082217268,-13.226277325065428,-3.8846650408836614,-14.825405369037203,-3053.0,-3.1856495078784963,-4.9950651591123805
2016,SİVAS,22966,26369,-3403,621224,80,36.968951618095886,42.446846870050095,-5.477895251954207,-21.28891674875377,-9.293416011690825,4779.0,-21.61923205214835,7.748382073111221
2017,SİVAS,22147,28697,-6550,621301,80,35.64616828236233,46.18856238763498,-10.542394105272646,8.828548674580006,-3.5661412522859925,-3147.0,8.815061172953676,-5.0644988533184385
2018,SİVAS,45861,26271,19590,646608,80,70.92550664390171,40.62894365674412,30.296562987157596,-8.453845349688116,107.07545039960267,26140.0,-12.036786692411127,40.83895709243024
2019,SİVAS,23572,36430,-12858,638956,80,36.89142914379081,57.01488052385454,-20.123451380063727,38.670016367858096,-48.60120799808115,-32448.0,40.33069873917452,-50.42001436722133
2020,SİVAS,18490,23885,-5395,635889,80,29.077401873597438,37.56158700653731,-8.484185132939869,-34.43590447433434,-21.55947734600373,7463.0,-34.11967777285465,11.639266247123858
2021,SİVAS,25720,28285,-2565,636121,80,40.4325592143633,44.464810940057006,-4.032251725693697,18.421603516851583,39.10221741481883,2830.0,18.378413916105952,4.451933407246172
2022,SİVAS,24583,27668,-3085,634924,80,38.718019794495085,43.57686904259407,-4.858849248098985,-2.181368216369095,-4.420684292379473,-520.0,-1.9969541727276718,-0.8265975224052884
2023,SİVAS,48214,31783,16431,650401,80,74.12965232218276,48.866776035092194,25.26287628709058,14.872777215555866,96.12740511735754,19516.0,12.139254399685129,30.121725535189565
2024,SİVAS,21808,35421,-13613,637007,80,34.23510259698873,55.6053544152576,-21.370251818268873,11.446370701318308,-54.76832455303439,-30044.0,13.789692971204603,-46.633128105359454
2008,SİİRT,11870,12625,-755,299819,80,39.59055296695673,42.108738939159956,-2.5181859722032294,,,,,
2009,SİİRT,8475,11797,-3322,303622,80,27.912997081897885,38.85423322420641,-10.941236142308528,-6.558415841584154,-28.601516427969674,-2567.0,-7.728813061003226,-8.423050170105299
2010,SİİRT,8911,13973,-5062,300695,80,29.634679658790468,46.469013452169136,-16.834333793378672,18.445367466304987,5.14454277286136,-1740.0,19.59832840870135,-5.8930976510701445
2011,SİİRT,10274,14228,-3954,310468,80,33.091977273020085,45.827589316773384,-12.735612043753301,1.8249481142202928,15.295701941420713,1108.0,-1.3803265611738724,4.098721749625371
2012,SİİRT,8823,14628,-5805,310879,80,28.380816973806528,47.053676832465364,-18.672859858658835,2.8113578858588673,-14.123029005255983,-1851.0,2.675435330488174,-5.937247814905534
2013,SİİRT,10866,13339,-2473,314153,80,34.58824203493202,42.460202512788356,-7.871960477856332,-8.811867651080119,23.155389323359408,3332.0,-9.762200594933468,10.800899380802504
2014,SİİRT,10551,14366,-3815,318366,80,33.141101750815096,45.12416526890434,-11.983063518089244,7.6992278281730275,-2.898950855880733,-1342.0,6.274022728256279,-4.111103040232912
2015,SİİRT,10505,16166,-5661,320351,80,32.79215610377367,50.46339796036223,-17.671241856588555,12.529583739384664,-0.43597763245190047,-1846.0,11.832313483563151,-5.688178338499311
2016,SİİRT,10775,15068,-4293,322664,80,33.39387102372747,46.69873304738056,-13.304862023653088,-6.792032661140668,2.570204664445508,1368.0,-7.460189097727277,4.366379832935467
2017,SİİRT,12163,15406,-3243,324394,80,37.49452825884572,47.491630548037264,-9.99710228919154,2.243164321741431,12.881670533642687,1050.0,1.6978993838060452,3.3077597344615484
2018,SİİRT,15017,15726,-709,331670,80,45.276931890131756,47.41459884825278,-2.1376669581210237,2.0771128131896743,23.464605771602407,2534.0,-0.1622005791242942,7.859435331070516
2019,SİİRT,11016,17252,-6236,330280,80,33.35351822695894,52.23446772435509,-18.88094949739615,9.703675441943282,-26.643137777185856,-5527.0,10.165368880432757,-16.743282539275125
2020,SİİRT,9044,12958,-3914,331070,80,27.317485728093757,39.139758963361224,-11.822273235267467,-24.889867841409696,-17.901234567901238,2322.0,-25.06909581254959,7.058676262128682
2021,SİİRT,12670,16340,-3670,331980,80,38.164949695764804,49.21983252003133,-11.054882824266521,26.099706744868033,40.092879256965944,244.0,25.754051183876925,0.767390411000946
2022,SİİRT,12356,17607,-5251,331311,80,37.2942643015173,53.14342113603231,-15.849156834515002,7.753977968176251,-2.478295185477508,-1581.0,7.971560273806633,-4.794274010248481
2023,SİİRT,21120,16468,4652,347412,80,60.79237332043798,47.40193200004605,13.390441320391925,-6.4690180042028755,70.92910326966656,9903.0,-10.803762748524692,29.23959815490693
2024,SİİRT,10193,21815,-11622,336453,80,30.295464745447358,64.83817947826294,-34.54271473281558,32.46903084770465,-51.73768939393939,-16274.0,36.783832942083365,-47.93315605320751
2008,TEKİRDAĞ,47534,22373,25161,770772,80,61.67063671228327,29.02674201968935,32.64389469259392,,,,,
2009,TEKİRDAĞ,37655,29066,8589,783310,80,48.071644687288554,37.10663721898099,10.965007468307567,29.9155231752559,-20.78301847098919,-16572.0,27.836038897548022,-21.67888722428635
2010,TEKİRDAĞ,41307,29433,11874,798109,80,51.75608845408334,36.87842136850981,14.877667085573524,1.2626436386155682,9.698579205948743,3285.0,-0.6150270344477349,3.912659617265957
2011,TEKİRDAĞ,42265,28620,13645,829873,80,50.9294795709705,34.48720466866617,16.442274902304327,-2.762205687493624,2.319219502747716,1771.0,-6.484053848046434,1.5646078167308026
2012,TEKİRDAĞ,42155,28042,14113,852321,80,49.45906530520778,32.90074983486269,16.558315470345093,-2.019566736547873,-0.26026262865255223,468.0,-4.600125898997209,0.11604056804076635
2013,TEKİRDAĞ,45313,31681,13632,874475,80,51.817376139969696,36.22859429943681,15.58878184053289,12.976963126738461,7.491400782825286,-481.0,10.114798237965484,-0.9695336298122026
2014,TEKİRDAĞ,52994,31266,21728,906732,80,58.44505322410591,34.48207408583794,23.96297913826798,-1.3099333985669648,16.95098536843731,8096.0,-4.820833508370548,8.374197297735089
2015,TEKİRDAĞ,54482,33937,20545,937910,80,58.08872919576505,36.18364235374396,21.90508684202109,8.542826073050591,2.8078650413254413,-1183.0,4.934645937104087,-2.057892296246891
2016,TEKİRDAĞ,56536,32290,24246,972875,80,58.11229602980856,33.19028652190672,24.922009507901837,-4.8531101747355425,3.77005249440181,3701.0,-8.272676925592915,3.016922665880749
2017,TEKİRDAĞ,55391,34658,20733,1005463,80,55.09004309457434,34.46969207220952,20.62035102236482,7.333539795602362,-2.0252582425357324,-3513.0,3.8547589803370474,-4.301658485537018
2018,TEKİRDAĞ,53895,41010,12885,1029927,80,52.32895146937599,39.81835605824491,12.51059541113108,18.327658837786377,-2.7007997689155294,-7848.0,15.517005416905484,-8.109755611233739
2019,TEKİRDAĞ,48911,38109,10802,1055412,80,46.343039495476646,36.108173869541,10.234865625935653,-7.073884418434528,-9.247611095648944,-2083.0,-9.31776837616497,-2.275729785195427
2020,TEKİRDAĞ,50764,28468,22296,1081065,80,46.957398491302555,26.333291707714153,20.624106783588406,-25.29848592196069,3.7885138312445,11494.0,-27.071106384785725,10.389241157652753
2021,TEKİRDAĞ,60190,37516,22674,1113400,80,54.059637147476195,33.69498832405245,20.36464882342375,31.783054657861463,18.568276731542042,378.0,27.95585412583168,-0.2594579601646565
2022,TEKİRDAĞ,63354,37969,25385,1142451,80,55.45445712770176,33.23468577645781,22.21977135124395,1.2074848064825616,5.256687157335116,2711.0,-1.3660860872477754,1.8551225278201997
2023,TEKİRDAĞ,63230,45182,18048,1167059,80,54.1789232592354,38.71440946858728,15.464513790648116,18.997076562458858,-0.19572560532878924,-7337.0,16.487966003310596,-6.755257560595833
2024,TEKİRDAĞ,53439,37996,15443,1187162,80,45.01407558530344,32.00574142366417,13.00833416163927,-15.904563764330925,-15.484738257156415,-2605.0,-17.328607453941657,-2.4561796290088456
2008,TOKAT,29593,35892,-6299,617158,80,47.950443808554695,58.15690633516863,-10.206462526613931,,,,,
2009,TOKAT,32655,34213,-1558,624439,80,52.294939938088426,54.78997948558626,-2.495039547497834,-4.677922656859468,10.347041530091584,4741.0,-5.789384377116225,7.711422979116097
2010,TOKAT,25430,40995,-15565,617802,80,41.162055156830185,66.35621121330135,-25.194156056471165,19.822874346008824,-22.125248813351707,-14007.0,21.11012239155492,-22.699116508973333
2011,TOKAT,29576,36342,-6766,608299,80,48.62082627129092,59.743645805763286,-11.122819534472356,-11.350164654226125,16.30357845064885,8799.0,-9.965254625949093,14.07133652199881
2012,TOKAT,34725,31812,2913,613990,80,56.55629570514178,51.81191876089187,4.744376944249907,-12.464916625392108,17.409385988639436,9679.0,-13.27626886156028,15.867196478722263
2013,TOKAT,26987,47071,-20084,598708,80,45.075395685375845,78.6209638087348,-33.54556812335897,47.966176285678365,-22.283657307415407,-22997.0,51.743007572378595,-38.289945067608876
2014,TOKAT,35891,38737,-2846,597920,80,60.026424939791276,64.78625903130853,-4.75983409151726,-17.70516878757622,32.99366361581502,17238.0,-17.596712259954806,28.78573403184171
2015,TOKAT,34586,40805,-6219,593990,80,58.22656947086651,68.69644270105557,-10.46987323018906,5.33856519606577,-3.636009027332754,-3373.0,6.0355139009607095,-5.7100391386718
2016,TOKAT,36572,33380,3192,602662,80,60.68409821757469,55.38759702785309,5.296501189721601,-18.19629947310378,5.742207829757695,9411.0,-19.37341316364549,15.766374419910662
2017,TOKAT,34735,38746,-4011,602086,80,57.69109396332085,64.35293296970865,-6.661839006387791,16.07549430796884,-5.022968391118887,-7203.0,16.186540711176022,-11.958340196109393
2018,TOKAT,46391,41326,5065,612646,80,75.72235842558345,67.4549413527551,8.267417072828353,6.658751871160895,33.55693104937383,9076.0,4.820306145963205,14.929256079216145
2019,TOKAT,39530,39567,-37,612747,80,64.51275975239373,64.57314356496236,-0.060383812568645785,-4.256400329090648,-14.789506585329049,-5102.0,-4.272181889125659,-8.327800885396998
2020,TOKAT,24840,41746,-16906,597861,80,41.54811904439326,69.82559491252984,-28.277475868136573,5.507114514620759,-37.161649380217554,-16869.0,8.134111269158462,-28.217092055567928
2021,TOKAT,35555,31400,4155,602567,80,59.00588648233308,52.110387724518596,6.895498757814484,-24.783212762899442,43.13607085346216,21061.0,-25.37064984580939,35.172974625951056
2022,TOKAT,28325,35358,-7033,596454,80,47.488993283639644,59.28034684988281,-11.791353566243165,12.60509554140128,-20.3346927295739,-11188.0,13.75917439583867,-18.68685232405765
2023,TOKAT,45011,34546,10465,606934,80,74.16127618488994,56.91887421037543,17.242401974514525,-2.296509983596362,58.909090909090914,17498.0,-3.9835675143524374,29.03375554075769
2024,TOKAT,38697,32350,6347,612674,80,63.16083267773727,52.8013266435331,10.359506034204161,-6.356741735656801,-14.027682122147922,-4118.0,-7.234063610646324,-6.882895940310364
2008,TRABZON,25918,27027,-1109,748982,80,34.604302907145964,36.08497934529802,-1.4806764381520519,,,,,
2009,TRABZON,36868,26474,10394,765127,80,48.18546463528277,34.60079176398167,13.584672871301105,-2.0461020461020496,42.24863029554751,11503.0,-4.113034310243391,15.065349309453158
2010,TRABZON,29130,36546,-7416,763714,80,38.14255074543612,47.852992088661466,-9.710441343225344,38.04487421621214,-20.98839101659976,-17810.0,38.300280568940394,-23.29511421452645
2011,TRABZON,24858,38446,-13588,757353,80,32.82221104293506,50.763646542629395,-17.94143549969433,5.198927379193341,-14.665293511843458,-6172.0,6.082492080275981,-8.230994156468984
2012,TRABZON,21864,25478,-3614,757898,80,28.848209125766264,33.616660817154816,-4.7684516913885515,-33.73042709254539,-12.044412261646153,9974.0,-33.77808115316378,13.172983808305776
2013,TRABZON,25115,29988,-4873,758237,80,33.12288901754992,39.54963949266522,-6.4267504751153,17.70154643221602,14.869191364800582,-1259.0,17.648923275814376,-1.6582987837267487
2014,TRABZON,31847,29741,2106,766782,80,41.53331716185305,38.7867738157651,2.746543346087936,-0.8236627984527178,26.80469838741788,6979.0,-1.9288814934497633,9.173293821203236
2015,TRABZON,27314,32454,-5140,768417,80,35.545803905952106,42.23488027984805,-6.6890763738959444,9.12208735415756,-14.233679781455077,-7246.0,8.889902729371734,-9.43561971998388
2016,TRABZON,28680,26775,1905,779379,80,36.79852805887764,34.354274364590275,2.444253694287375,-17.498613422074317,5.0010983378487195,7045.0,-18.65899906200972,9.13333006818332
2017,TRABZON,29703,29192,511,786326,80,37.774409087325104,37.124551394714146,0.6498576926109527,9.027077497665736,3.5669456066945715,-1394.0,8.063849641310593,-1.7943960016764222
2018,TRABZON,46593,33344,13249,807903,80,57.67152739871,41.272281449629475,16.399245949080523,14.22307481501781,56.86294313705687,12738.0,11.172471852429954,15.74938825646957
2019,TRABZON,29603,37502,-7899,808974,80,36.593265049309366,46.357484912988554,-9.76421986367918,12.470009596928989,-36.46470499860494,-21148.0,12.321110645567979,-26.163465812759704
2020,TRABZON,23761,24506,-745,811901,80,29.265883402040398,30.18348296159261,-0.9175995595522114,-34.65415177857181,-19.734486369624705,7154.0,-34.88973136000369,8.846620304126969
2021,TRABZON,29914,29442,472,816684,80,36.62861033153582,36.05066341449079,0.577946917045026,20.14200603933731,25.89537477378898,1217.0,19.43838111845462,1.4955464765972373
2022,TRABZON,28168,30339,-2171,818023,80,34.43423962406926,37.088199231561944,-2.6539596074926988,3.0466680252700273,-5.836731964966235,-2643.0,2.8779936866685008,-3.2319065245377248
2023,TRABZON,41272,35644,5628,824352,80,50.06599122704864,43.238810605178365,6.827180621870269,17.48574442137183,46.52087475149105,7799.0,16.583742271267422,9.481140229362968
2024,TRABZON,26772,29887,-3115,822270,80,32.55864861906673,36.3469420020188,-3.7882933829520717,-16.151385927505334,-35.132777670091095,-8743.0,-15.939079976298377,-10.61547400482234
2008,TUNCELİ,6861,6068,793,86449,80,79.36471214241924,70.1916737035709,9.173038438848337,,,,,
2009,TUNCELİ,4100,6205,-2105,83061,80,49.3613127701328,74.70413310699365,-25.34282033686086,2.2577455504284805,-40.24194723801195,-2898.0,6.428767352776754,-34.5158587757092
2010,TUNCELİ,6400,6258,142,76699,80,83.4430696619252,81.59167655380124,1.8513931081239652,0.8541498791297286,56.09756097560976,2247.0,9.21976222780474,27.194213444984825
2011,TUNCELİ,6187,6419,-232,85062,80,72.73518139709859,75.4626037478545,-2.727422350755919,2.572706935123037,-3.328125000000004,-374.0,-7.511884869659768,-4.578815458879884
2012,TUNCELİ,5171,5404,-233,86276,80,59.93555565858408,62.63619082943113,-2.700635170847049,-15.812431842966191,-16.421529012445447,-1.0,-16.997045266660372,0.02678717990887014
2013,TUNCELİ,8458,5612,2846,85428,80,99.0073512197406,65.69274710867631,33.314604111064284,3.849000740192454,63.566041384645146,3079.0,4.879856579351549,36.015239281911335
2014,TUNCELİ,7286,6810,476,86527,80,84.20493025298461,78.70375720873253,5.501173044252083,21.347113328581614,-13.85670371246157,-2370.0,19.805854790228118,-27.8134310668122
2015,TUNCELİ,6996,8133,-1137,86076,80,81.27701101352292,94.48626794925414,-13.209256935731213,19.427312775330407,-3.9802360691737593,-1613.0,20.05305883766688,-18.710429979983296
2016,TUNCELİ,4822,7031,-2209,82193,80,58.66679644251944,85.54256445196063,-26.87576800944119,-13.549735644903482,-31.074899942824473,-1072.0,-9.465611978765976,-13.666511073709978
2017,TUNCELİ,6074,6725,-651,82498,80,73.62602729763145,81.51712768794394,-7.891100390312492,-4.3521547432797565,25.964330153463287,1558.0,-4.70577050127754,18.9846676191287
2018,TUNCELİ,11211,5884,5327,88198,80,127.11172588947595,66.71353091906845,60.398194970407495,-12.505576208178438,84.57359236088244,5978.0,-18.160105966374584,68.28929536071999
2019,TUNCELİ,6517,8179,-1662,84660,80,76.9785022442712,96.6099692889204,-19.631467044649185,39.00407885791979,-41.869592364641875,-6989.0,44.81315552930325,-80.02966201505669
2020,TUNCELİ,5791,6311,-520,83443,80,69.40066871996453,75.63246767254293,-6.231798952578407,-22.838977870155276,-11.140095135798678,1142.0,-21.713599301167818,13.399668092070778
2021,TUNCELİ,7054,6517,537,83645,80,84.33259609062108,77.91260685037958,6.419989240241497,3.2641419743305367,21.80970471421171,1057.0,3.0147623738904006,12.651788192819904
2022,TUNCELİ,8081,7578,503,84366,80,95.78503188488253,89.82291444420738,5.962117440675153,16.280497161270514,14.559115395520262,-34.0,15.28675278020144,-0.4578717995663437
2023,TUNCELİ,11806,7234,4572,89317,80,132.18088381831006,80.99242025594232,51.188463562367744,-4.539456320929003,46.09578022521965,4069.0,-9.831003862327403,45.22634612169259
2024,TUNCELİ,6739,8868,-2129,86612,80,77.80677042442156,102.38765990855771,-24.580889484136147,22.587779928117225,-42.91885481958326,-6701.0,26.41634807924591,-75.7693530465039
2008,UŞAK,8666,10222,-1556,334111,80,25.937487840867256,30.5946227451356,-4.657134904268342,,,,,
2009,UŞAK,8693,9644,-951,335860,80,25.882808312987553,28.714345262907162,-2.8315369499196095,-5.6544707493641155,0.3115624278790641,605.0,-6.145777635147964,1.8255979543487326
2010,UŞAK,8998,9562,-564,338019,80,26.619805395554685,28.288350654844844,-1.6685452592901582,-0.8502695976773111,3.508570113884746,387.0,-1.4835602350042554,1.1629916906294513
2011,UŞAK,8653,10138,-1485,339731,80,25.47015138447772,29.841256759024052,-4.371105374546333,6.023844384020083,-3.8341853745276766,-921.0,5.489560431170792,-2.7025601152561745
2012,UŞAK,10351,9435,916,342269,80,30.242294803210342,27.566037239714962,2.6762575634953794,-6.934306569343063,19.62325205131168,2401.0,-7.624409178480929,7.0473629380417115
2013,UŞAK,10655,10493,162,346508,80,30.74965080171309,30.28212912833181,0.46752167338127837,11.213566507684147,2.9369143077963455,-754.0,9.853037144939059,-2.208735890114101
2014,UŞAK,10190,10895,-705,349459,80,29.159357750122332,31.176761794659743,-2.0174040445374137,3.8311255122462695,-4.364148287189118,-867.0,2.9543255117121747,-2.484925717918692
2015,UŞAK,11044,11001,43,353048,80,31.281865355419097,31.16006888581723,0.12179646960186717,0.9729233593391395,8.38076545632973,748.0,-0.05354279239281334,2.1392005141392807
2016,UŞAK,11737,10701,1036,358736,80,32.71765309308238,29.82973551581107,2.8879175772713084,-2.727024815925827,6.274900398406369,993.0,-4.269353109843966,2.7661211076694414
2017,UŞAK,13909,10420,3489,364971,80,38.109877223121835,28.550213578613096,9.55966364450874,-2.6259228109522526,18.505580642412877,2453.0,-4.289417640058424,6.671746067237432
2018,UŞAK,13691,13011,680,367514,80,37.25300260670342,35.40273295711184,1.8502696495915802,24.86564299424183,-1.567330505428144,-2809.0,24.001639636181025,-7.70939399491716
2019,UŞAK,13117,12363,754,370509,80,35.402648788558444,33.36761050338858,2.035038285169861,-4.980401198985474,-4.192535242129869,74.0,-5.748489689168002,0.18476863557828094
2020,UŞAK,8756,10428,-1672,369433,80,23.701185329951578,28.227039815067958,-4.5258544851163816,-15.651540888133953,-33.246931462986964,-2426.0,-15.405869976211173,-6.560892770286243
2021,UŞAK,13705,12231,1474,373183,80,36.724609641918306,32.774804854454786,3.9498047874635236,17.28998849252015,56.52124257651896,3146.0,16.11137784614303,8.475659272579906
2022,UŞAK,13255,12313,942,375454,80,35.30392538100539,32.794962898251185,2.508962482754212,0.6704276019949384,-3.283473184968988,-532.0,0.06150469510319834,-1.4408423047093115
2023,UŞAK,14575,13122,1453,377001,80,38.66037490616736,34.80627372341188,3.8541011827554836,6.570291561763986,9.958506224066399,511.0,6.132987042555693,1.3451387000012716
2024,UŞAK,11053,11886,-833,375310,80,29.450321067917187,31.669819615784288,-2.2194985478670968,-9.419295839048925,-24.164665523156092,-2286.0,-9.011174630618113,-6.073599730622581
2008,VAN,21187,30275,-9088,1004369,80,21.09483665863841,30.143303905238017,-9.048467246599607,,,,,
2009,VAN,22866,27175,-4309,1022310,80,22.36699239956569,26.581956549383257,-4.21496414981757,-10.239471511147812,7.924670788691168,4779.0,-11.814721329322841,4.833503096782037
2010,VAN,23231,31312,-8081,1035418,80,22.436349377739234,30.24092685273001,-7.804577474990777,15.223551057957675,1.5962564506253774,-3772.0,13.764864510816622,-3.5896133251732065
2011,VAN,23415,72273,-48858,1022532,80,22.899038856485664,70.68042858316414,-47.78138972667848,130.81566172713335,0.7920451121346428,-40777.0,133.72441237456135,-39.976812251687704
2012,VAN,50003,46639,3364,1051975,80,47.53249839587443,44.334703771477464,3.1977946243969675,-35.46829383033775,113.5511424300662,52222.0,-37.27442707946758,50.97918435107545
2013,VAN,32118,38507,-6389,1070113,80,30.013652763773546,35.98405028254025,-5.97039751876671,-17.436051373314175,-35.76785392876427,-9753.0,-18.835478256447868,-9.168192143163678
2014,VAN,27587,44435,-16848,1085542,80,25.413111606920783,40.93346917945137,-15.520357572530589,15.39460357857012,-14.107354131639582,-10459.0,13.75447971545498,-9.54996005376388
2015,VAN,30492,48061,-17569,1096397,80,27.811093974171765,43.835399038851804,-16.02430506468004,8.16023404973556,10.530322253235225,-721.0,7.089381666328931,-0.5039474921494502
2016,VAN,28902,49035,-20133,1100190,80,26.270007907725027,44.56957434624929,-18.299566438524256,2.0265912070077663,-5.214482487209759,-2564.0,1.6748457262742766,-2.2752613738442165
2017,VAN,31971,48269,-16298,1106891,80,28.883602811839648,43.6077265060426,-14.724123694202952,-1.5621494850616924,10.618642308490767,3835.0,-2.1580817279840847,3.575442744321304
2018,VAN,34691,44954,-10263,1123784,80,30.86981128045959,40.00234920589722,-9.13253792543763,-6.867761917586856,8.507710112289256,6035.0,-8.26774883493593,5.591585768765322
2019,VAN,34372,39575,-5203,1136757,80,30.236893197050907,34.81394880348219,-4.577055606431277,-11.965564799572892,-0.9195468565333931,5060.0,-12.970239261973504,4.5554823190063525
2020,VAN,26621,38114,-11493,1149342,80,23.16194831477489,33.16158288829608,-9.999634573521197,-3.691724573594446,-22.550331665308974,-6290.0,-4.746275478582984,-5.42257896708992
2021,VAN,30318,58185,-27867,1141015,80,26.5710792583796,50.99407106830322,-24.42299180992362,52.66043973343129,13.887532399233681,-16374.0,53.77453856794292,-14.423357236402422
2022,VAN,33903,62422,-28519,1128749,80,30.03590700855549,55.30193160746987,-25.266024598914374,7.28194551860446,11.824658618642392,-652.0,8.447767453978239,-0.8430327889907545
2023,VAN,39585,56547,-16962,1127612,80,35.10516028563016,50.14756848987063,-15.042408204240465,-9.411745858831821,16.759578798336427,11557.0,-9.320403406854993,10.22361639467391
2024,VAN,31418,54023,-22605,1118087,80,28.09978114404335,48.31734918660176,-20.217568042558405,-4.463543600898367,-20.631552355690285,-5643.0,-3.649667089319708,-5.17515983831794
2008,YALOVA,16656,6542,10114,197412,80,84.37177071302656,33.138816282698116,51.23295443032845,,,,,
2009,YALOVA,12269,10233,2036,202531,80,60.57838059358814,50.52559855034538,10.052782043242763,56.420055029043105,-26.338856868395776,-8078.0,52.466515760024166,-41.18017238708568
2010,YALOVA,10455,10984,-529,203741,80,51.315150117060384,53.911583824561575,-2.5964337075011903,7.339001270399681,-14.785231070176863,-2565.0,6.701524319088059,-12.649215750743952
2011,YALOVA,10267,9782,485,206535,80,49.710702786452664,47.36243251749099,2.3482702689616772,-10.943190094683175,-1.7981826877092266,1014.0,-12.147948256134999,4.9447039764628675
2012,YALOVA,11353,9199,2154,211799,80,53.602708228084175,43.43268853960595,10.170019688478227,-5.9599263954201565,10.57757865004383,1669.0,-8.297175142838753,7.82174941951655
2013,YALOVA,14670,9808,4862,220122,80,66.64486057731621,44.55710923942178,22.087751337894442,6.62028481356669,29.21694706245046,2708.0,2.5888811805662826,11.917731649416215
2014,YALOVA,14680,11064,3616,226514,80,64.80835621639281,48.844663023036105,15.963693193356702,12.805872756933123,0.06816632583503957,-1246.0,9.622603119461193,-6.12405814453774
2015,YALOVA,13834,11497,2337,233009,80,59.37109725375415,49.34144174688531,10.029655506868833,3.9135936370209734,-5.762942779291558,-1279.0,1.017058350090183,-5.934037686487869
2016,YALOVA,12825,10493,2332,241665,80,53.06933151263112,43.419609790412345,9.649721722218775,-8.732712881621296,-7.293624403643195,-5.0,-12.00174082235199,-0.3799337846500581
2017,YALOVA,15754,10719,5035,251203,80,62.714219177318746,42.67066874201343,20.04355043530531,2.1538168302678073,22.8382066276803,2703.0,-1.7248912461767185,10.393828713086535
2018,YALOVA,16232,12905,3327,262234,80,61.89891470976304,49.21177269156555,12.687142018197488,20.393693441552372,3.0341500571283486,-1708.0,15.329274516646517,-7.356408417107822
2019,YALOVA,14531,12824,1707,270976,80,53.62467524799244,47.32522437411431,6.299450873878129,-0.6276636962417648,-10.479300147856085,-1620.0,-3.833530503514204,-6.3876911443193585
2020,YALOVA,14661,10281,4380,276050,80,53.10994385075168,37.24325303387067,15.866690816881,-19.830006238303177,0.8946390475535138,2673.0,-21.30358909773753,9.567239943002871
2021,YALOVA,16965,11564,5401,291001,80,58.298768732753494,39.738695056030735,18.560073676722762,12.479330804396449,15.715162676488648,1021.0,6.700386832188365,2.693382859841762
2022,YALOVA,18466,12007,6459,296333,80,62.31503072556887,40.51860575771176,21.796424967857106,3.8308543756485625,8.847627468317132,1058.0,1.9625976660314848,3.236351291134344
2023,YALOVA,22979,12563,10416,304780,80,75.39536715007547,41.21989631865608,34.17547083141938,4.630632131256762,24.439510451640857,3957.0,1.7307865061740202,12.379045863562276
2024,YALOVA,17812,13049,4763,307882,80,57.85333341994661,42.383120806023086,15.470212613923517,3.8685027461593524,-22.485747856738758,-5653.0,2.8219976061427676,-18.705258217495867
2008,YOZGAT,15352,30117,-14765,484206,80,31.70551376893306,62.19873359685754,-30.493219827924477,,,,,
2009,YOZGAT,17705,25546,-7841,487365,80,36.328008781919095,52.41656663896669,-16.088557857047594,-15.177474516054057,15.326993225638352,6924.0,-15.727276734111939,14.404661970876884
2010,YOZGAT,16181,29618,-13437,476096,80,33.98684298964914,62.210142492270464,-28.22329950262132,15.9398731699679,-8.607737927139226,-5596.0,18.684123133740684,-12.134741645573726
2011,YOZGAT,15251,26921,-11670,465696,80,32.748831855974714,57.80809798666942,-25.059266130694702,-9.105949085015874,-5.747481614238925,1767.0,-7.076088125257063,3.1640333719266174
2012,YOZGAT,14646,24525,-9879,453211,80,32.31607352866546,54.11386749218355,-21.7977939635181,-8.900115151740273,-3.966952986689398,1791.0,-6.390506906727422,3.2614721671766027
2013,YOZGAT,16688,26572,-9884,444211,80,37.56773245147013,59.81841962490798,-22.25068717343785,8.346585117227324,13.942373344257808,-5.0,10.541756479609266,-0.45289320991975046
2014,YOZGAT,16200,27722,-11522,432560,80,37.451451821712595,64.08821897540226,-26.63676715368966,4.327863916905006,-2.9242569511025884,-1638.0,7.137934063233531,-4.386079980251811
2015,YOZGAT,14933,26804,-11871,419440,80,35.602231546824335,63.90425329010109,-28.30202174327675,-3.3114493903758757,-7.820987654320987,-349.0,-0.28705070642043307,-1.6652545895870894
2016,YOZGAT,17736,21825,-4089,421041,80,42.12416368002166,51.83580696416738,-9.711643284145724,-18.57558573347262,18.77050827027389,7782.0,-18.885200443775684,18.590378459131024
2017,YOZGAT,19074,23498,-4424,418650,80,45.56073092081691,56.12803057446555,-10.567299653648632,7.665521191294378,7.543978349120439,-335.0,8.280422089821538,-0.855656369502908
2018,YOZGAT,25715,22524,3191,424981,80,60.50858744273273,53.0000164713246,7.508570971408133,-4.145033619882543,34.81702841564434,7615.0,-5.572998145714347,18.075870625056766
2019,YOZGAT,18009,25253,-7244,421200,80,42.756410256410255,59.95489078822412,-17.198480531813868,12.115965192683365,-29.966945362628817,-10435.0,13.122400293332781,-24.707051503222
2020,YOZGAT,14109,17604,-3495,419095,80,33.6653980601057,42.00479604862859,-8.339397988522888,-30.289470557953514,-21.65583874729302,3749.0,-29.93933356162688,8.85908254329098
2021,YOZGAT,18320,22928,-4608,418500,80,43.775388291517324,54.78614097968937,-11.010752688172042,30.243126562144962,29.846197462612523,-1113.0,30.428298988201075,-2.6713546996491537
2022,YOZGAT,19580,22042,-2462,418442,80,46.7926259792277,52.67635657988443,-5.883730600656722,-3.864270760642008,6.877729257641918,2146.0,-3.8509454436425727,5.1270220875153205
2023,YOZGAT,29124,22387,6737,420699,80,69.22764256630037,53.21381795535525,16.013824610945118,1.565193721077951,48.74361593462717,9199.0,1.0203085603609718,21.89755521160184
2024,YOZGAT,16151,24594,-8443,413161,80,39.09129854947587,59.52643158478172,-20.43513303530585,9.858399964264986,-44.54401867875292,-15180.0,11.862733913816426,-36.44895764625097
2008,ZONGULDAK,17639,19530,-1891,619151,80,28.489011565837735,31.543193825092747,-3.054182259255012,,,,,
2009,ZONGULDAK,16258,20701,-4443,619812,80,26.230534420114484,33.39883706672346,-7.168302646608971,5.9959037378392255,-7.829242020522709,-2552.0,5.8828641510440205,-4.114120387353959
2010,ZONGULDAK,15712,23267,-7555,619703,80,25.35408090649876,37.545404814887135,-12.191323908388373,12.39553644751461,-3.358346660105793,-3112.0,12.41530577810166,-5.023021261779402
2011,ZONGULDAK,15822,23658,-7836,612406,80,25.835801739368982,38.63123483440724,-12.795433095038259,1.6804916835002404,0.7001018329938935,-281.0,2.8920450448560953,-0.604109186649886
2012,ZONGULDAK,14279,22687,-8408,606527,80,23.54223307453749,37.404765162968836,-13.862532088431347,-4.104319891791364,-9.752243711288077,-572.0,-3.1748135328722005,-1.0670989933930883
2013,ZONGULDAK,17006,25571,-8565,601567,80,28.269502815147774,42.507318386813104,-14.237815571665333,12.71212588707189,19.097976048742904,-157.0,13.64145237007357,-0.37528348323398575
2014,ZONGULDAK,18115,24783,-6668,598796,80,30.25237309534466,41.38805202439562,-11.135678929050963,-3.0816158930037973,6.521227801952256,1897.0,-2.633114496266864,3.1021366426143704
2015,ZONGULDAK,18244,25340,-7096,595907,80,30.6155155082924,42.52341388840876,-11.907898380116361,2.2475083726748224,0.7121170300855573,-428.0,2.7432116479990887,-0.7722194510653981
2016,ZONGULDAK,19991,21933,-1942,597524,80,33.4563967305079,36.70647538843628,-3.2500786579283845,-13.445146014206788,9.575750931813198,5154.0,-13.679377942790449,8.657819722187977
2017,ZONGULDAK,19421,22541,-3120,596892,80,32.536874342427105,37.76395059742801,-5.227076255000905,2.772078603018291,-2.8512830773848252,-1178.0,2.880895530832861,-1.9769975970725207
2018,ZONGULDAK,24363,24105,258,599698,80,40.62544814223159,40.195231599905284,0.43021654232630424,6.938467681114413,25.44668142732094,3378.0,6.438100262324942,5.65729279732721
2019,ZONGULDAK,19654,26251,-6597,596053,80,32.973577852976156,44.041385581483524,-11.067807728507365,8.902717278572903,-19.328489923244263,-6855.0,9.568682225449109,-11.49802427083367
2020,ZONGULDAK,15243,19593,-4350,591204,80,25.78297846428644,33.14084478454138,-7.357866320254938,-25.36284332025447,-22.443268545843086,2247.0,-24.750676330957898,3.709941408252427
2021,ZONGULDAK,20883,21991,-1108,589684,80,35.41388268971178,37.29285515632101,-1.8789724666092347,12.239064972183943,37.000590434953736,3242.0,12.52837819546575,5.478893853645703
2022,ZONGULDAK,20334,21695,-1361,588510,80,34.55166437273793,36.86428437919491,-2.3126200064569846,-1.346005183938881,-2.628932624622904,-253.0,-1.1492034474959056,-0.43364753984774995
2023,ZONGULDAK,26828,22615,4213,591492,80,45.356488337965686,38.23382226640428,7.122666071561407,4.240608435123305,31.93665781449788,5574.0,3.715080626879863,9.435286078018391
2024,ZONGULDAK,18070,21563,-3493,586802,80,30.794032740174707,36.74663685536177,-5.952604115187065,-4.651779792173338,-32.64499776353064,-7706.0,-3.8897115770433643,-13.075270186748472
2008,ÇANAKKALE,16390,14246,2144,474791,80,34.520452156843746,30.004781051030875,4.515671105812874,,,,,
2009,ÇANAKKALE,15412,14802,610,477735,80,32.26056286434948,30.983704354924804,1.2768585094246812,3.902849922785334,-5.967053081147045,-1534.0,3.2625577311462983,-3.2388125963881933
2010,ÇANAKKALE,16578,15420,1158,490397,80,33.80526389843331,31.443911769443936,2.3613521289893695,4.175111471422777,7.565533350635878,548.0,1.4853208294507425,1.0844936195646884
2011,ÇANAKKALE,17278,15623,1655,486445,80,35.51891786327334,32.116683283824486,3.4022345794488587,1.316472114137479,4.222463505851137,497.0,2.1395922979097204,1.0408824504594891
2012,ÇANAKKALE,23252,14374,8878,493691,80,47.09828617495559,29.11537783755426,17.98290833740133,-7.9946233117839105,34.57576108345872,7223.0,-9.345004338545227,14.580673757952471
2013,ÇANAKKALE,24766,18238,6528,502328,80,49.3024478030291,36.30695481836569,12.995492984663407,26.881870043133425,6.51126784792706,-2350.0,24.70027014911489,-4.987415352737923
2014,ÇANAKKALE,27429,20540,6889,511790,80,53.59424764063385,40.133648566794974,13.46059907383888,12.621998026099357,10.752644754905916,361.0,10.539836699533867,0.4651060891754728
2015,ÇANAKKALE,25096,23005,2091,513341,80,48.887581549106734,44.81426576096591,4.073315788140826,12.000973709834462,-8.505596266725002,-4798.0,11.662575821834187,-9.387283285698054
2016,ÇANAKKALE,25116,20024,5092,519793,80,48.319234772303595,38.523027435921605,9.796207336381983,-12.95805259726146,0.07969397513547527,3001.0,-14.038472388683187,5.722891548241156
2017,ÇANAKKALE,26088,20540,5548,530417,80,49.1839439535309,38.72424903425041,10.45969491928049,2.5769077107471006,3.870043000477774,456.0,0.5223410820022201,0.6634875828985081
2018,ÇANAKKALE,29473,21068,8405,540662,80,54.512800973621225,38.967044105189565,15.545756868431663,2.570593962999035,12.97531432076051,2857.0,0.6269845819977249,5.086061949151173
2019,ÇANAKKALE,25198,22293,2905,542157,80,46.47731192256117,41.119085430972945,5.35822649158823,5.814505411049931,-14.504801004309032,-5500.0,5.522721507882533,-10.187530376843434
2020,ÇANAKKALE,21055,19022,2033,541548,80,38.87928678528957,35.125233589635634,3.7540531956539405,-14.672767236352213,-16.441781093737596,-872.0,-14.57681215064779,-1.6041732959342894
2021,ÇANAKKALE,31210,19429,11781,557276,80,56.00456506291317,34.864232444964436,21.140332617948737,2.139627799390187,48.23082403229637,9748.0,-0.7430588155525109,17.386279422294795
2022,ÇANAKKALE,27747,22233,5514,559383,80,49.60286601487711,39.74557682303538,9.857289191841724,14.43203458747233,-11.095802627363028,-6267.0,14.001009159678123,-11.283043426107012
2023,ÇANAKKALE,32719,22615,10104,570499,80,57.35154662847788,39.64073556658294,17.710811061894937,1.7181666891557645,17.919054312177884,4590.0,-0.26378094075534264,7.853521870053212
2024,ÇANAKKALE,24714,21211,3503,568966,80,43.43669041735358,37.2799077625025,6.156782654851081,-6.208268848109666,-24.46590665973899,-6601.0,-5.955560032722018,-11.554028407043855
2008,ÇANKIRI,12680,11612,1068,176093,80,72.00740517794574,65.9424281487623,6.064977029183443,,,,,
2009,ÇANKIRI,20166,11831,8335,185019,80,108.99421140531514,63.94478404920576,45.049427356109376,1.8859800206682653,59.0378548895899,7267.0,-3.0293760112229617,38.98445032692593
2010,ÇANKIRI,11536,17958,-6422,179067,80,64.42281380712248,100.28648494697516,-35.86367113985268,51.78767644324233,-42.794803133987905,-14757.0,56.83294022825118,-80.91309849596206
2011,ÇANKIRI,10582,14322,-3740,177211,80,59.71412609826704,80.81891078996225,-21.104784691695208,-20.24724356832609,-8.269764216366159,2682.0,-19.41196180851894,14.758886448157469
2012,ÇANKIRI,17050,10609,6441,184406,80,92.45903061722504,57.53066603038947,34.92836458683557,-25.925150118698504,61.122661122661114,10181.0,-28.815341028408405,56.03314927853078
2013,ÇANKIRI,22290,16991,5299,190909,80,116.75719845580879,89.00051857167551,27.75667988413328,60.156470920916206,30.733137829912028,-1142.0,54.701005068605845,-7.17168470270229
2014,ÇANKIRI,14519,23080,-8561,183550,80,79.10106238082267,125.74230454916915,-46.6412421683465,35.83661938673415,-34.86316733961418,-13860.0,41.282665053130074,-74.39792205247979
2015,ÇANKIRI,12702,16148,-3446,180945,80,70.1981265025284,89.24258752659647,-19.044461024068088,-30.034662045060657,-12.514635994214473,5115.0,-29.027396271634387,27.596781144278413
2016,ÇANKIRI,13371,13088,283,183880,80,72.71590167500544,71.17685447030672,1.5390472046987165,-18.949715135001245,5.266887104393003,3729.0,-20.243398983591455,20.583508228766803
2017,ÇANKIRI,13849,13504,345,186074,80,74.42737835484807,72.57327729827918,1.8541010565688918,3.17848410757946,3.5749009049435454,62.0,1.9619057885664315,0.3150538518701753
2018,ÇANKIRI,40460,12433,28027,216362,80,187.00141429641064,57.46387997892421,129.53753431748643,-7.930983412322279,192.15105783811106,27682.0,-20.819505308069143,127.68343326091754
2019,ÇANKIRI,11381,32275,-20894,195789,80,58.128904075305556,164.84582892808075,-106.71692485277518,159.59140995737152,-71.87098368759268,-48921.0,186.86860161294464,-236.2544591702616
2020,ÇANKIRI,9955,12614,-2659,192428,80,51.733635437670195,65.55179079967573,-13.81815536200553,-60.91711851278079,-12.529654687637294,18235.0,-60.234486231207704,92.89876949076965
2021,ÇANKIRI,15288,12457,2831,196515,80,77.79558812304404,63.38956313767397,14.406024985370074,-1.2446488029173919,53.57106981416373,5490.0,-3.2985028107156755,28.224180347375604
2022,ÇANKIRI,13649,14061,-412,195766,80,69.72099343093285,71.82554682631304,-2.104553395380199,12.876294452918046,-10.720826792255366,-3243.0,13.308158742658005,-16.510578380750275
2023,ÇANKIRI,25333,13438,11895,205501,80,123.274339297619,65.39140928754604,57.88293001007294,-4.430694829670722,85.60334090409553,12307.0,-8.958007036585315,59.98748340545314
2024,ÇANKIRI,13129,18744,-5615,199981,80,65.65123686750242,93.72890424590335,-28.077667378400946,39.48504241702635,-48.174318083132675,-17510.0,43.33519535226511,-85.96059738847389
2008,ÇORUM,15828,24072,-8244,545444,80,29.018561025513158,44.13285323516255,-15.114292209649387,,,,,
2009,ÇORUM,13672,22699,-9027,540704,80,25.28555364857667,41.98045511037463,-16.69490146179795,-5.703722166832836,-13.621430376547893,-783.0,-4.877088080661451,-1.5806092521485642
2010,ÇORUM,14462,22860,-8398,535405,80,27.01132787329218,42.69665019938178,-15.685322326089594,0.7092823472399701,5.7782328847279185,629.0,1.706020306650169,1.009579135708357
2011,ÇORUM,15174,22441,-7267,534578,80,28.385006491101393,41.9789067264272,-13.593900235325808,-1.8328958880139967,4.923247130410724,1131.0,-1.6810299393580364,2.0914220907637855
2012,ÇORUM,13289,20610,-7321,529975,80,25.074767677720647,38.88862682201991,-13.81385914429926,-8.159172942382241,-12.422564913668122,-54.0,-7.361506397835393,-0.21995890897345127
2013,ÇORUM,17073,21460,-4387,532080,80,32.087280108254404,40.33228086002105,-8.245000751766652,4.124211547792345,28.47467830536534,2934.0,3.7122782571065382,5.568858392532608
2014,ÇORUM,15875,24652,-8777,527220,80,30.11076969765942,46.75846895034331,-16.64769925268389,14.874184529356938,-7.016927312130261,-4390.0,15.933113509313458,-8.402698500917237
2015,ÇORUM,16286,22636,-6350,525180,80,31.010320271145133,43.10141284892799,-12.091092577782856,-8.17783546973876,2.5889763779527453,2427.0,-7.821163060961311,4.556606674901033
2016,ÇORUM,16688,20420,-3732,527863,80,31.614263549443702,38.68427982260548,-7.0700162731617855,-9.789715497437712,2.46837774775881,2618.0,-10.248232562131365,5.0210763046210705
2017,ÇORUM,17214,20880,-3666,528422,80,32.576236417106024,39.5138733815019,-6.937636964395881,2.252693437806075,3.1519654841802414,66.0,2.1445237256598526,0.13237930876590465
2018,ÇORUM,24363,20212,4151,536483,80,45.41243618157519,37.67500554537609,7.737430636199097,-3.1992337164750917,41.53014987800627,7817.0,-4.653727105849015,14.675067600594979
2019,ÇORUM,16006,23425,-7419,530864,80,30.15084842822267,44.1261792097411,-13.975330781518432,15.896497130417565,-34.30201535114723,-11570.0,17.12321888471966,-21.71276141771753
2020,ÇORUM,15672,15051,621,530126,80,29.562783187393187,28.391363562624733,1.1714196247684514,-35.74813233724653,-2.0867174809446443,8040.0,-35.65868590689769,15.146750406286884
2021,ÇORUM,18029,22011,-3982,526282,80,34.257299318616255,41.82358507416176,-7.566285755545506,46.24277456647399,15.03956100051047,-4603.0,47.31094187113867,-8.737705380313958
2022,ÇORUM,18723,20448,-1725,524130,80,35.72205368897029,39.013221910594694,-3.291168221624406,-7.10099495706692,3.849353818847412,2257.0,-6.719565428414898,4.2751175339211
2023,ÇORUM,27902,20273,7629,528351,80,52.809590594131556,38.370325787213424,14.439264806918128,-0.8558294209702666,49.025263045452114,9354.0,-1.6478929242362383,17.730433028542535
2024,ÇORUM,16415,23143,-6728,521335,80,31.48647222994811,44.39180181649036,-12.905329586542242,14.156760222956644,-41.16909182137481,-14357.0,15.693054217651547,-27.34459439346037
2008,İSTANBUL,374868,348193,26675,12697164,80,29.523758218764442,27.42289538041723,2.1008628383472088,,,,,
2009,İSTANBUL,388467,348986,39481,12915158,80,30.07837767064096,27.021427070423762,3.056950600217202,0.2277472551142523,3.627676942283675,12806.0,-1.46398950374933,0.9560877618699934
2010,İSTANBUL,439515,336932,102583,13255685,80,33.15671728771467,25.41792446033532,7.7387928273793465,-3.4540067509871486,13.140884553900323,63102.0,-5.934189211803509,4.681842227162145
2011,İSTANBUL,450445,328663,121782,13624240,80,33.0620276800761,24.12340064473321,8.93862703534289,-2.4542044091982906,2.486832076265877,19199.0,-5.092956419876915,1.1998342079635433
2012,İSTANBUL,384535,354074,30461,13854740,80,27.754761186424286,25.55616345019827,2.198597736226014,7.731627837633082,-14.632197049584295,-91321.0,5.939306926769761,-6.740029299116876
2013,İSTANBUL,437922,371601,66321,14160467,80,30.92567497950456,26.242143002769613,4.683531976734948,4.9500951778441715,13.88352165602611,35860.0,2.684203964762255,2.4849342405089345
2014,İSTANBUL,438998,424662,14336,14377018,80,30.534704762837467,29.53755778840925,0.9971469744282159,14.279025083355545,0.24570585629404285,-51985.0,12.557719791755705,-3.6863850023067326
2015,İSTANBUL,453407,402864,50543,14657434,80,30.933586328957713,27.485301997607493,3.448284331350221,-5.133023439818018,3.282247299532126,36207.0,-6.947953535979456,2.4511373569220054
2016,İSTANBUL,369582,440889,-71307,14804116,80,24.96481383961055,29.781514816555074,-4.81670097694452,9.438669129036104,-18.487804555289177,-121850.0,8.35432995841725,-8.26498530829474
2017,İSTANBUL,416587,422559,-5972,15029231,80,27.718450797648927,28.115809784279715,-0.39735898663078634,-4.157509032885831,12.718422433992993,65335.0,-5.593083637738328,4.419341990313733
2018,İSTANBUL,385482,595803,-210321,15067724,80,25.583293137039146,39.54167198708976,-13.958378850050613,40.998771769149386,-7.4666276192007945,-204349.0,40.63856702145758,-13.561019863419826
2019,İSTANBUL,498676,378305,120371,15519267,80,32.132703174705355,24.376473450711302,7.7562297239940525,-36.50501927650582,29.364276412387614,330692.0,-38.35244635413962,21.714608574044664
2020,İSTANBUL,328632,381654,-53022,15462452,80,21.253550213122733,24.68263118941291,-3.429080976290177,0.8852645352295019,-34.09909440197644,-173393.0,1.2559558269191529,-11.18531070028423
2021,İSTANBUL,385328,408165,-22837,15840900,80,24.32488053077792,25.766528416946006,-1.441647886168084,6.946344070807586,17.252123956279377,30185.0,4.391335831319365,1.9874330901220931
2022,İSTANBUL,385294,418082,-32788,15907951,80,24.22021541303465,26.281323094344458,-2.0611076813098053,2.4296546739676295,-0.008823651538425459,-9951.0,1.9979202051134015,-0.6194597951417213
2023,İSTANBUL,412707,581330,-168623,15655924,80,26.361075845794854,37.13163145145569,-10.770555605660835,39.04688553920044,7.114826599947044,-135835.0,41.285243966450594,-8.70944792435103
2024,İSTANBUL,395485,369453,26032,15701602,80,25.187557295109123,23.52963729433468,1.6579200007744432,-36.4469406361275,-4.172936247749615,194655.0,-36.631824741941855,12.428475606435278
2008,İZMİR,117067,89819,27248,3795978,80,30.839746700323342,23.661622907192825,7.178123793130519,,,,,
2009,İZMİR,116390,89517,26873,3868308,80,30.08809019343858,23.141125267171073,6.946964926267506,-0.33623175497389246,-0.5783013146317906,-375.0,-2.199754607125981,-0.23115886686301312
2010,İZMİR,111255,99775,11480,3948848,80,28.17403961864321,25.26686263943307,2.9071769792101394,11.459275891730059,-4.411891055932637,-15393.0,9.185972366165164,-4.039787947057366
2011,İZMİR,110364,101420,8944,3965232,80,27.83292377343873,25.577318048477366,2.2556057249613644,1.6487095965923348,-0.8008628825670772,-2536.0,1.2287058091643654,-0.651571254248775
2012,İZMİR,105804,95954,9850,4005459,80,26.414950196719026,23.95580631333388,2.45914388338515,-5.389469532636559,-4.131782102859627,906.0,-6.339647229901868,0.20353815842378564
2013,İZMİR,113673,99681,13992,4061074,80,27.990871380329438,24.545477378644172,3.445394001685268,3.8841528232278044,7.437336962685714,4142.0,2.4614953786050497,0.9862501183001182
2014,İZMİR,124439,101447,22992,4113072,80,30.25451535980892,24.664532981674036,5.589982378134883,1.7716515685035183,9.47102654104317,9000.0,0.4850408944722773,2.144588376449615
2015,İZMİR,126238,105389,20849,4168415,80,30.284412660447675,25.28275135753038,5.001661302917295,3.8857728666200186,1.445688248860888,-2143.0,2.506507527694457,-0.5883210752175883
2016,İZMİR,122668,98902,23766,4223545,80,29.043848236493275,23.41682165100644,5.627026585486837,-6.155291349192038,-2.827991571476096,2917.0,-7.380247822467223,0.6253652825695415
2017,İZMİR,127394,102776,24618,4279677,80,29.767199720913517,24.014896451297613,5.752303269615908,3.9170087561424483,3.8526755143965863,852.0,2.5540391826209596,0.12527668412907111
2018,İZMİR,130092,117113,12979,4320519,80,30.11027147432982,27.106234227878645,3.004037246451179,13.949754806569636,2.117839144700695,-11639.0,12.872584243077156,-2.748266023164729
2019,İZMİR,128370,106895,21475,4367251,80,29.393776542726762,24.476495626195973,4.917280916530788,-8.724906714028336,-1.3236786274328893,8496.0,-9.70160067080803,1.9132436700796092
2020,İZMİR,107172,92400,14772,4394694,80,24.38668084740371,21.02535466633172,3.361326181071993,-13.560035548903127,-16.513204019630756,-6703.0,-14.099816462985293,-1.555954735458795
2021,İZMİR,131394,109470,21924,4425789,80,29.6882657532928,24.734572750756985,4.953693002535819,18.474025974025963,22.60105251371627,7152.0,17.641643355319502,1.592366821463826
2022,İZMİR,132426,107312,25114,4462056,80,29.678246978522903,24.049899866787868,5.628347111735039,-1.9713163423769053,0.7854239919631079,3190.0,-2.7680804955410587,0.6746541091992198
2023,İZMİR,147765,125643,22122,4479525,80,32.986756408324545,28.04828636964857,4.938470038675976,17.08196660205754,11.583072810475281,-2992.0,16.62537692467627,-0.6898770730590629
2024,İZMİR,117889,102040,15849,4493242,80,26.23695763548903,22.70966041891356,3.527297216575471,-18.785766019595208,-20.218590329238996,-6273.0,-19.033697390197812,-1.411172822100505
2008,ŞANLIURFA,25510,37282,-11772,1574224,80,16.204809480734635,23.682779579017982,-7.477970098283345,,,,,
2009,ŞANLIURFA,27190,35154,-7964,1613737,80,16.849090031399168,21.78421886589946,-4.9351288345002935,-5.7078482914006745,6.585652685221488,3808.0,-8.016629580087686,2.5428412637830515
2010,ŞANLIURFA,32555,37555,-5000,1663371,80,19.571701081718988,22.577645035292786,-3.0059439535737966,6.8299482277977,19.731518940787062,2964.0,3.642206196501885,1.9291848809264969
2011,ŞANLIURFA,35888,41570,-5682,1716254,80,20.9106577464641,24.221356512497568,-3.310698766033466,10.690986553055515,10.238058669943184,-682.0,7.280260960057494,-0.3047548124596693
2012,ŞANLIURFA,31890,44878,-12988,1762075,80,18.097981073450335,25.468836457018003,-7.370855383567669,7.957661775318736,-11.14021399910834,-7306.0,5.150330634358857,-4.0601566175342025
2013,ŞANLIURFA,33383,47429,-14046,1801980,80,18.525732805025584,26.32049190335076,-7.7947590983251756,5.684299656847447,4.681718407024138,-1058.0,3.343911873516636,-0.42390371475750666
2014,ŞANLIURFA,35670,49030,-13360,1845667,80,19.32634651862985,26.564922057987708,-7.238575539357859,3.375571907482766,6.850792319444032,686.0,0.9286686416595025,0.5561835589673167
2015,ŞANLIURFA,40135,50580,-10445,1892320,80,21.209414898114485,26.729094444914182,-5.519679546799695,3.1613297980828126,12.517521726941405,2915.0,0.6180043990646977,1.7188959925581635
2016,ŞANLIURFA,38662,49789,-11127,1940627,80,19.92242713308637,25.656141030708117,-5.733713897621748,-1.5638592328983791,-3.670113367385075,-682.0,-4.014177945374497,-0.21403435082205302
2017,ŞANLIURFA,40058,52648,-12590,1985753,80,20.17270023008904,26.51286438947845,-6.34016415938941,5.742232219968257,3.6107806114531016,-1463.0,3.339252609131327,-0.6064502617676615
2018,ŞANLIURFA,44448,56748,-12300,2035809,80,21.833089449943486,27.8749136092826,-6.041824159339113,7.787570278073241,10.95910929152728,290.0,5.137314474194166,0.29834000005029715
2019,ŞANLIURFA,41841,60885,-19044,2073614,80,20.17781515749797,29.361780929334003,-9.183965771836032,7.290124762106154,-5.865280777537796,-6744.0,5.334069697551502,-3.1421416124969195
2020,ŞANLIURFA,37720,47194,-9474,2115256,80,17.83235693457435,22.311247432934834,-4.4788904983604825,-22.486655169582004,-9.849190984919098,9570.0,-24.01262210002836,4.70507527347555
2021,ŞANLIURFA,40371,66987,-26616,2143020,80,18.838368284010414,31.258224374947506,-12.41985609093709,41.939653345764285,7.028101802757147,-17142.0,40.10074725273118,-7.940965592576608
2022,ŞANLIURFA,45648,68264,-22616,2170110,80,21.034878416301478,31.45646994852795,-10.421591532226477,1.9063400361264193,13.071264026157392,4000.0,0.6342189217226624,1.9982645587106127
2023,ŞANLIURFA,63205,63559,-354,2213964,80,28.548341346110416,28.708235544932077,-0.15989419882166106,-6.8923590765264215,38.461706975113906,22262.0,-8.736626862749674,10.261697333404816
2024,ŞANLIURFA,41771,60925,-19154,2237745,80,18.6665594158405,27.226069100813543,-8.559509684973042,-4.144180997183722,-33.91187406059647,-18800.0,-5.162861513375672,-8.399615486151381
2008,ŞIRNAK,13223,15877,-2654,429287,80,30.802237197958476,36.98458141057148,-6.182344212613008,,,,,
2009,ŞIRNAK,8356,13025,-4669,430424,80,19.41341560879505,30.260859059903723,-10.847443451108674,-17.96309126409271,-36.807078575209864,-2015.0,-18.179798430126027,-4.665099238495666
2010,ŞIRNAK,11733,13554,-1821,430109,80,27.279131568974375,31.512942068173412,-4.2338104991990395,4.0614203454894415,40.414073719483,2848.0,4.1376320671898,6.613632951909635
2011,ŞIRNAK,13403,13957,-554,457997,80,29.26438382784167,30.473998737983,-1.209614910141333,2.973292017116713,14.233358902241534,1267.0,-3.296878241145551,3.0241955890577064
2012,ŞIRNAK,11075,14617,-3542,466982,80,23.71611753772094,31.300992329468798,-7.584874791747862,4.728809916171106,-17.369245691263146,-2988.0,2.7137678865065684,-6.375259881606529
2013,ŞIRNAK,13031,13753,-722,475255,80,27.418964555870005,28.93814899369812,-1.5191844378281134,-5.910925634535136,17.661399548532742,2820.0,-7.548780916910869,6.065690353919749
2014,ŞIRNAK,12749,16142,-3393,488966,80,26.07338751569639,33.01252029793483,-6.939132782238437,17.370755471533485,-2.1640702939145107,-2671.0,14.079585066494694,-5.419948344410324
2015,ŞIRNAK,11554,23615,-12061,490184,80,23.570740783052894,48.175787051392945,-24.605046268340054,46.295378515673406,-9.373284179151309,-8668.0,45.931866505832005,-17.665913486101616
2016,ŞIRNAK,11102,24122,-13020,483788,80,22.948068162087527,49.860682778407075,-26.912614616319544,2.146940503916994,-3.912065085684613,-959.0,3.497391179549836,-2.3075683479794904
2017,ŞIRNAK,19672,15186,4486,503236,80,39.09100302840019,30.176696420764813,8.914306607635384,-37.04502114252549,77.19329850477392,17506.0,-39.47797194258782,35.826921223954926
2018,ŞIRNAK,19779,15485,4294,524190,80,37.73250157385681,29.54081535321162,8.191686220645186,1.9689187409456022,0.5439202928019471,-192.0,-2.107192446405892,-0.7226203869901973
2019,ŞIRNAK,16365,20724,-4359,529615,80,30.899804575021477,39.13031164147541,-8.230507066453933,33.832741362608985,-17.2607310784165,-8653.0,32.46185378976425,-16.42219328709912
2020,ŞIRNAK,14461,15008,-547,537762,80,26.891078209319364,27.90825681249326,-1.0171786031738947,-27.58154796371357,-11.634586006721658,3812.0,-28.678674813025385,7.213328463280039
2021,ŞIRNAK,17072,20431,-3359,546589,80,31.233705764294562,37.37909105378996,-6.1453852894953975,36.134061833688705,18.05545951179033,-2812.0,33.93559943542244,-5.128206686321503
2022,ŞIRNAK,20096,23469,-3373,557605,80,36.03984899704989,42.08893392275894,-6.049084925709059,14.869560961284334,17.713214620431117,-14.0,12.600207057446443,0.09630036378633822
2023,ŞIRNAK,22726,21572,1154,570745,80,39.818132440932466,37.796213720663346,2.021918720269122,-8.083003110486175,13.087181528662416,4527.0,-10.199165913713893,8.07100364597818
2024,ŞIRNAK,15266,23363,-8097,570826,80,26.743701232950148,40.92840900729819,-14.18470777434805,8.302429074726492,-32.82583824694183,-9251.0,8.287060999770102,-16.206626494617172
